Word based distribution,Body tags in source,File Extention,Frame tag present,Exec() Function,Is www present,Dots,Is Pronounceable,Levenshtein Distance,Entropy,Tilde,Domain to URL Ratio,At Character,mailto: present,Uppercase to LowercaseRatio,Total links,Is domain suspicious,Numeric Character,Google Search Feature,ASN updation date,Ampersand,Question Mark,Percentage Character,Label
1,1,0,1,0,1,2,0,0,3.82823750184296,0,0.703703703703704,0,1,0.0,128,76,0,0,1,0,0,0,0
1,0,0,0,0,1,2,0,0,3.95905708166975,0,0.405405405405405,0,1,0.0,8,2,0,0,1,0,0,0,0
1,1,0,1,0,1,2,0,0,3.75326968951511,0,0.68,0,1,0.0,124,27,0,0,1,0,0,0,0
1,1,0,0,0,1,2,0,0,4.04394270791827,0,0.825,0,0,0.0,43,43,0,0,1,0,0,0,0
1,0,0,0,0,1,2,0,0,3.95006375643621,0,0.730769230769231,0,0,0.0,0,0,0,0,1,0,0,0,0
1,0,0,0,0,0,3,0,0,3.96322741509314,0,0.446808510638298,0,0,0.0,0,0,0,0,0,0,0,0,0
1,1,0,1,0,1,2,0,0,3.60538854220753,0,0.666666666666667,0,1,0.0,37,12,0,0,1,0,0,0,0
1,1,0,1,0,1,2,0,0,3.82469873517385,0,0.78125,0,0,0.0,52,160,0,0,1,0,0,0,0
1,1,0,0,0,1,3,0,0,3.82393489628406,0,0.666666666666667,0,0,0.0,115,0,0,0,0,0,0,0,0
1,0,0,0,0,1,2,0,0,3.66957674631639,0,0.733333333333333,0,0,0.0,0,2,0,0,1,0,0,0,0
1,1,0,1,0,1,2,0,0,3.61333731404531,0,0.692307692307692,0,1,0.0,159,19,0,0,1,0,0,0,0
1,1,0,1,2,1,3,0,0,3.8697704638921,0,0.377777777777778,0,0,0.0,509,87,1,0,1,0,0,0,0
1,0,0,0,0,0,4,0,0,3.98228923749333,0,0.805555555555556,0,0,0.0,0,0,4,0,1,0,0,0,0
1,0,0,1,0,1,2,0,0,3.34643934467102,0,0.6,0,1,0.0,22,21,0,0,1,0,0,0,0
1,0,0,0,0,0,5,0,0,4.55095260950462,0,0.243243243243243,0,0,0.0,0,0,8,0,0,0,0,0,0
1,1,0,1,0,1,2,0,0,3.89542387028032,0,0.764705882352941,0,0,0.0,123,401,0,0,1,0,0,0,0
1,0,0,0,0,1,2,0,0,4.07097902781297,0,0.476190476190476,0,0,0.0,0,0,0,0,0,0,0,0,0
1,1,0,1,2,1,3,0,0,4.32477142179511,0,0.253731343283582,0,0,0.0,509,88,4,0,1,0,0,0,0
1,0,0,0,0,1,2,0,0,3.84410654481454,0,0.730769230769231,0,0,0.0,0,0,0,0,0,0,0,0,0
1,1,0,1,0,0,3,0,0,4.18852262209335,0,0.783783783783784,0,0,0.0,88,56,0,0,1,0,0,0,0
1,1,0,1,0,0,2,0,0,4.04729909842664,0,0.724137931034483,0,0,0.0,62,37,0,0,1,0,0,0,0
1,0,0,0,0,1,2,0,0,3.83326968951511,0,0.68,0,0,0.0,0,0,0,0,0,0,0,0,0
1,1,0,0,0,1,2,0,0,4.01930504062989,0,0.466666666666667,0,0,0.0,9,10,0,0,1,0,0,0,0
1,0,0,0,0,1,2,0,0,3.87806826834552,0,0.764705882352941,0,0,0.0,0,0,0,0,0,0,0,0,0
1,1,0,0,0,1,3,0,0,4.09400016056493,0,0.5,0,0,0.0,0,347,0,0,1,0,0,0,0
1,1,0,1,1,0,4,1,0,4.16906937340607,1,0.468085106382979,0,1,0.0,23,25,0,0,1,0,0,0,0
1,0,0,0,0,1,3,0,0,4.50186647650336,0,0.408163265306122,0,0,0.0,0,0,3,0,1,0,1,0,0
1,0,0,0,0,1,2,0,0,3.43872187554087,0,0.666666666666667,0,0,0.0,0,0,0,0,1,0,0,0,0
1,0,0,0,0,1,2,0,0,4.02346518960165,0,0.72,0,0,0.0,0,0,0,0,1,0,0,0,0
1,0,0,0,0,1,2,0,0,3.92922929667218,0,0.75,0,0,0.0,0,0,0,0,1,0,0,0,0
1,0,0,0,0,1,2,0,0,3.64559331445115,0,0.714285714285714,0,0,0.0,0,0,0,0,0,0,0,0,0
1,0,0,0,0,1,2,0,0,4.00153101210974,0,0.382978723404255,0,0,0.0,0,0,0,0,1,0,0,0,0
1,1,0,1,8,1,2,0,0,3.64248967316613,0,0.652173913043478,0,1,0.0,19,1,0,0,1,0,0,0,0
1,1,0,1,0,1,2,0,0,3.65726822961739,0,0.666666666666667,0,0,0.0,0,147,0,0,1,0,0,0,0
1,1,0,1,0,1,2,0,0,4.01687569576656,0,0.777777777777778,0,0,0.0,211,29,0,0,1,0,0,0,0
1,1,0,0,0,1,3,0,0,4.16638950523773,0,0.477272727272727,0,0,0.0,0,0,0,0,1,0,1,0,0
1,0,0,0,0,1,2,0,0,3.92922929667218,0,0.5625,0,0,0.0,0,0,0,0,1,0,0,0,0
1,0,0,0,0,1,2,1,0,3.81008102052173,0,0.555555555555556,0,0,0.0,0,0,3,0,0,0,0,0,0
1,0,0,0,0,1,3,0,0,4.12614964343903,0,0.320754716981132,0,0,0.0,0,0,0,0,1,0,0,0,0
1,0,0,0,0,1,4,0,0,4.26297904107074,0,0.45945945945946,0,0,0.0,0,0,0,0,0,0,0,0,0
1,0,0,0,0,1,3,1,0,4.35455244495229,0,0.282608695652174,0,0,0.0,0,0,6,0,1,0,0,0,0
1,0,0,0,0,1,3,0,0,4.01808179397869,0,0.741935483870968,0,0,0.0,0,0,0,0,0,0,0,0,0
1,1,0,1,0,1,2,0,0,4.00436418470814,0,0.758620689655172,0,0,0.0,51,14,0,0,1,0,0,0,0
1,0,0,0,0,1,3,0,0,3.81858864606133,0,0.771428571428572,0,0,0.0,0,0,0,0,0,0,0,0,0
1,0,0,1,0,1,2,0,0,3.91211389097223,0,0.740740740740741,0,1,0.0,0,31,0,0,1,0,0,0,0
0,0,0,0,0,0,3,0,0,4.11169869294386,0,0.435897435897436,0,0,0.0,0,0,4,0,0,0,0,0,0
1,1,0,0,0,1,2,0,0,4.02126849490377,0,0.758620689655172,0,0,0.0,0,3,0,0,1,0,0,0,0
1,0,0,0,0,1,2,0,0,4.03063906222957,0,0.75,0,0,0.0,0,0,0,0,1,0,0,0,0
1,0,0,0,0,1,2,0,0,3.94546495249511,0,0.424242424242424,0,0,0.0,0,0,0,0,1,0,0,0,0
1,1,0,1,2,1,2,0,0,4.14999651670767,0,0.414634146341463,0,0,0.0,509,87,0,0,1,0,0,0,0
1,1,0,0,0,1,2,0,0,3.74060156295072,0,0.666666666666667,0,0,0.0,1352,628,0,0,1,0,0,0,0
1,1,0,0,0,1,2,0,0,4.1550455468258,0,0.714285714285714,0,0,0.0,258,102,0,0,1,0,0,0,0
1,0,0,0,0,1,2,0,0,3.87290559532006,0,0.733333333333333,0,0,0.0,0,0,0,0,0,0,0,0,0
1,0,0,0,0,0,3,0,0,3.92095859334435,0,0.5,0,0,0.0,0,0,0,0,1,0,0,0,0
1,1,0,1,0,1,2,0,0,3.81640271664439,0,0.652173913043478,0,0,0.0,294,71,0,0,1,0,0,0,0
1,0,0,0,0,0,3,0,0,4.2746903818446,0,0.403846153846154,0,0,0.0,0,0,0,0,1,0,0,0,0
1,1,0,1,0,1,2,0,0,3.82823750184296,0,0.703703703703704,0,0,0.0,83,0,0,0,1,0,0,0,0
1,1,0,0,0,1,3,0,0,4.22217431122406,0,0.783783783783784,0,0,0.0,27,36,0,0,1,0,0,0,0
1,0,0,0,0,0,3,0,0,4.05525579311239,0,0.5625,0,0,0.0,0,0,1,0,0,0,0,0,0
1,1,0,0,0,1,2,0,8,3.57393489628406,0,0.666666666666667,0,0,0.0,0,3,0,1,1,0,0,0,0
1,0,0,0,0,1,3,0,18,4.02844515943123,0,0.771428571428572,0,0,0.0,0,0,0,0,0,0,0,0,0
1,0,0,0,0,1,2,0,26,3.6714055834425,0,0.692307692307692,0,0,0.0,0,0,0,0,1,0,0,0,0
1,1,0,0,0,1,2,0,9,3.98989809546429,0,0.733333333333333,0,1,0.0,20,19,0,9,1,0,0,0,0
1,0,0,0,0,1,2,0,9,4.02085512047121,0,0.764705882352941,0,0,0.0,0,0,0,8,1,0,0,0,0
1,1,0,1,0,1,2,0,9,3.51326968951511,0,0.68,0,0,0.0,30,1,0,0,1,0,0,0,0
1,0,0,0,0,1,2,0,32,4.14674033589619,0,0.395348837209302,0,0,0.0,398,1,0,0,1,0,0,0,0
1,0,0,0,0,1,2,0,17,3.84922391239063,0,0.652173913043478,0,0,0.0,0,0,0,0,1,0,0,0,0
1,0,0,0,0,0,4,0,8,4.29808398863204,0,0.631578947368421,0,0,0.0,0,0,0,1,0,0,0,0,0
1,1,0,1,0,1,2,1,22,3.49922754172336,0,0.619047619047619,0,0,0.0,53,32,0,8,1,0,0,0,0
1,1,0,0,0,0,3,0,49,4.05869496956284,0,0.8,0,0,0.0,0,0,0,0,1,0,0,0,0
1,1,0,0,0,1,3,0,9,4.68783128925697,0,0.129496402877698,0,0,0.0,0,5,7,1,1,3,1,0,0
1,1,0,1,0,1,2,1,19,3.44643934467102,0,0.6,0,0,0.0,969,210,0,2,1,0,0,0,0
1,1,0,0,0,1,2,0,8,3.66898695845306,0,0.75,0,1,0.0,98,100,0,2,1,0,0,0,0
1,0,0,0,0,1,3,0,9,4.04697420724848,0,0.4,0,0,0.0,0,0,0,11,1,0,0,0,0
1,0,0,0,0,1,3,0,14,3.6292196865241,0,0.636363636363636,0,0,0.0,0,0,0,0,0,0,0,0,0
1,0,0,0,0,0,4,0,21,3.78436848759686,0,0.612903225806452,0,0,0.0,0,0,0,0,0,0,0,0,0
1,1,0,0,0,1,2,0,8,3.81031723757278,0,0.815789473684211,0,0,0.0,22,93,0,0,1,0,0,0,0
1,0,0,0,0,1,2,0,9,4.0179179007621,1,0.382352941176471,0,0,0.0,0,0,0,0,1,0,0,0,0
1,0,0,0,0,1,3,0,18,3.97885008127123,0,0.372093023255814,0,0,0.0,0,0,0,0,1,0,0,0,0
1,1,0,0,0,1,3,0,9,4.23326968951511,0,0.32,0,0,0.0,35,32,0,2,1,0,0,0,0
1,1,0,1,0,1,2,0,9,3.57243125132212,0,0.611111111111111,0,0,0.0,492,132,0,2,1,0,0,0,0
1,0,0,0,0,1,5,0,16,3.91555328506335,0,0.783783783783784,0,0,0.0,0,0,0,0,0,0,0,0,0
1,0,0,0,0,1,2,0,14,3.68970373219955,0,0.666666666666667,0,0,0.0,0,0,0,8,0,0,0,0,0
1,1,0,0,0,1,3,0,9,4.08041451398524,0,0.45945945945946,0,0,0.0,0,136,0,0,1,0,0,0,0
1,1,0,1,0,1,3,0,9,4.20706738639996,0,0.416666666666667,0,1,0.0,76,58,0,2,1,0,1,0,0
1,1,0,0,0,1,2,0,15,3.84888461662912,0,0.741935483870968,0,0,0.0,0,0,0,0,1,0,0,0,0
1,1,0,0,0,1,3,0,13,4.50577480084884,0,0.196969696969697,0,0,0.0,0,3,4,1,0,0,0,0,0
1,1,0,1,0,1,3,0,9,3.41308843642576,0,0.636363636363636,0,0,0.0,169,76,0,2,0,0,0,0,0
1,0,0,0,0,0,3,0,41,4.05778104376961,0,0.326086956521739,0,0,0.0,0,0,0,0,0,0,0,0,0
1,1,0,0,0,1,2,0,8,3.60693673217532,0,0.681818181818182,0,0,0.0,0,0,0,2,1,0,0,0,0
1,0,0,0,0,1,2,0,21,3.93624341298306,0,0.733333333333333,0,0,0.0,0,0,0,0,0,0,0,0,0
1,1,0,0,0,1,2,0,15,3.66353275480425,0,0.636363636363636,0,1,0.0,1,13,0,0,1,0,0,0,0
1,1,0,0,0,0,3,1,8,4.16298074422591,1,0.564102564102564,0,0,0.0,1,86,3,2,1,0,0,0,0
1,0,0,0,0,1,2,0,8,3.42733349389827,0,0.619047619047619,0,0,0.0,0,0,0,1,0,0,0,0,0
1,1,0,1,0,1,2,0,24,4.05656476213096,0,0.766666666666667,0,0,0.0,11,21,0,2,1,0,0,0,0
1,1,0,0,0,1,2,0,35,4.02126849490377,0,0.724137931034483,0,0,0.0,0,0,0,0,1,0,0,0,0
1,0,0,0,0,1,2,0,52,3.94035104292869,0,0.777777777777778,0,0,0.0,0,0,0,0,0,0,0,0,0
1,0,0,0,0,1,3,0,9,4.0092869265055,0,0.212765957446809,0,0,0.0,0,0,0,0,1,0,0,0,0
1,0,0,0,0,1,3,0,0,4.17174377806719,0,0.340425531914894,0,0,0.0,0,0,4,0,0,0,0,0,0
1,0,0,0,0,1,4,0,0,4.20483401847097,0,0.428571428571429,0,0,0.0,0,0,1,0,0,0,0,0,0
1,1,0,1,0,0,3,0,0,4.14597217184024,0,0.473684210526316,0,1,0.0,472,1467,4,0,1,0,0,0,0
1,0,0,0,0,1,3,1,0,3.72012877743319,0,0.636363636363636,0,0,0.0,0,0,0,0,1,0,0,0,0
1,1,0,1,0,1,2,0,0,3.82393489628406,0,0.666666666666667,0,0,0.0,45,0,0,0,1,0,0,0,0
1,1,0,1,8,1,2,0,0,3.91211389097223,0,0.740740740740741,0,1,0.0,22,14,0,0,1,0,0,0,0
1,0,0,0,0,0,4,0,0,4.03577868177861,1,0.553191489361702,0,0,0.0,0,0,0,0,0,0,0,0,0
1,1,0,0,0,0,3,0,0,4.39030058683525,0,0.226415094339623,0,0,0.0,685,93,9,0,1,0,0,0,0
1,1,0,1,0,1,3,0,0,4.12706563089337,0,0.41304347826087,0,0,0.0,0,292,2,0,1,0,0,0,0
1,0,0,0,0,1,3,1,0,4.35993001184588,0,0.339622641509434,0,0,0.0,0,0,0,0,1,0,0,0,0
1,1,0,0,0,1,2,0,0,3.5804621997271,0,0.730769230769231,0,1,0.0,7,42,0,0,1,0,0,0,0
1,0,0,0,0,1,3,0,0,4.25500382698401,0,0.277777777777778,0,0,0.0,0,0,0,0,1,0,0,0,0
0,0,0,0,0,1,3,0,0,4.35006891061644,0,0.357142857142857,0,0,0.0,0,136,5,0,1,0,1,0,0
1,0,0,0,0,1,3,0,0,4.11583409216322,0,0.315789473684211,0,0,0.0,0,0,0,0,1,0,0,0,0
0,1,0,1,0,1,3,0,0,4.54101852175928,0,0.189873417721519,0,0,0.0,136,45,6,0,1,2,1,0,0
1,1,0,1,2,1,2,0,0,4.08955245256067,0,0.515151515151515,0,0,0.0,509,77,1,0,1,0,0,0,0
1,0,0,0,0,1,2,0,0,3.55851861304891,0,0.619047619047619,0,0,0.0,0,0,0,0,1,0,0,0,0
1,1,0,0,0,1,2,0,0,3.65726822961739,0,0.666666666666667,0,0,0.0,12,4,0,0,1,0,0,0,0
1,0,0,0,0,1,3,0,0,3.81437194317963,0,0.758620689655172,0,0,0.0,0,0,0,0,1,0,0,0,0
1,1,0,0,0,1,3,0,0,3.8154107252427,0,0.714285714285714,0,1,0.0,78,76,0,0,1,0,0,0,0
1,0,0,0,0,1,2,0,0,4.06978611199742,0,0.442307692307692,0,0,0.0,0,0,0,0,0,0,0,0,0
1,0,0,0,0,1,2,0,0,3.36804242257272,0,0.619047619047619,0,0,0.0,6,8,0,0,1,0,0,0,0
1,1,0,1,2,1,3,0,0,3.95951854910304,0,0.333333333333333,0,0,0.0,509,78,0,0,1,0,0,0,0
1,0,0,0,0,1,2,0,0,3.78175365558017,0,0.305555555555556,0,0,0.0,0,0,0,0,0,0,0,0,0
1,0,0,0,0,1,3,0,0,3.90563906222957,0,0.75,0,0,0.0,0,0,0,0,0,0,0,0,0
1,0,0,0,0,0,2,0,0,3.84313906222957,0,0.75,0,0,0.0,0,0,0,0,0,0,0,0,0
1,0,0,0,0,1,2,0,0,3.93957226198672,0,0.733333333333333,0,0,0.0,0,0,0,0,0,0,0,0,0
1,1,0,1,0,1,2,0,0,3.81366068968819,0,0.72,0,0,0.0,49,34,0,0,1,0,0,0,0
1,0,0,0,0,1,2,0,0,3.91130614599952,0,0.771428571428572,0,0,0.0,0,0,0,0,0,0,0,0,0
1,1,0,1,0,0,2,0,0,4.24301015955486,0,0.8,0,0,0.0,407,70,0,0,1,0,0,0,0
1,0,0,0,0,1,3,0,0,4.04427705884096,0,0.274509803921569,0,0,0.0,0,41,0,0,1,0,0,0,0
1,1,0,1,0,1,2,0,0,3.66122625626979,0,0.692307692307692,0,0,0.0,59,17,0,0,1,0,0,0,0
1,0,0,0,0,1,4,0,0,4.36028831850946,0,0.422535211267606,0,0,0.0,0,0,0,0,1,0,0,0,0
1,1,0,1,0,1,2,0,0,3.54643934467102,0,0.6,0,1,0.0,128,90,0,0,1,0,0,0,0
1,0,0,0,0,1,3,0,0,4.2089873002588,0,0.409090909090909,0,0,0.0,0,0,0,0,1,0,0,0,0
1,1,0,1,2,1,2,0,0,3.97756715711693,0,0.425,0,0,0.0,509,75,0,0,1,0,0,0,0
1,0,0,0,0,0,4,1,0,3.68200581476021,0,0.714285714285714,0,0,0.0,0,0,0,0,0,0,0,0,0
1,1,0,1,0,1,2,0,0,3.94454882778696,0,0.78125,0,1,0.0,27,23,0,0,1,0,0,0,0
1,0,0,0,0,1,2,0,0,3.87314067951313,0,0.730769230769231,0,0,0.0,0,0,0,0,0,0,0,0,0
1,0,0,0,0,1,2,0,0,4.08418371977919,0,0.8,0,0,0.0,0,0,0,0,0,0,0,0,0
1,0,0,0,0,1,2,0,0,3.86198351303561,0,0.757575757575758,0,0,0.0,0,0,0,0,0,0,0,0,0
1,1,0,0,0,1,2,0,0,3.67326968951511,0,0.68,0,0,0.0,37,0,0,0,1,0,0,0,0
1,1,0,1,0,1,2,0,0,4.03230324274395,0,0.703703703703704,0,0,0.0,61,41,0,0,1,0,0,0,0
1,1,0,1,0,1,3,0,0,4.31865337367476,0,0.511111111111111,0,0,0.0,11,55,0,0,1,0,0,0,0
1,1,0,1,0,1,3,0,0,3.88904953591417,0,0.741935483870968,0,0,0.0,19,12,0,0,1,0,0,0,0
1,1,0,1,0,0,3,0,0,4.16429908806447,0,0.771428571428572,0,1,0.0,30,44,0,0,0,0,0,0,0
1,1,0,0,0,1,3,0,0,4.16429908806447,0,0.771428571428572,0,1,0.0,29,32,2,0,1,0,0,0,0
1,1,0,1,0,1,3,0,0,3.91340074566138,0,0.774193548387097,0,0,0.0,1,0,0,0,1,0,0,0,0
1,1,0,0,0,1,2,0,0,3.93872187554087,0,0.708333333333333,0,1,0.0,83,70,0,0,1,0,0,0,0
1,0,0,0,0,1,3,0,0,4.19000799357054,0,0.296296296296296,0,0,0.0,0,0,0,0,1,0,0,0,0
1,0,0,0,0,0,3,0,0,4.06806759319586,0,0.321428571428571,0,0,0.0,0,0,0,0,1,0,0,0,0
1,0,0,0,0,1,3,0,0,4.35866107441631,0,0.272727272727273,0,0,0.0,0,0,0,0,1,0,0,0,0
1,1,0,1,0,1,2,0,0,3.7489948035251,0,0.619047619047619,0,0,0.0,203,47,1,0,1,0,0,0,0
1,1,0,1,0,1,2,0,0,3.72307418942857,0,0.68,0,0,0.0,109,44,0,0,1,0,0,0,0
1,1,0,0,0,0,3,1,0,4.04718240301417,0,0.5,0,1,0.0,12,5,0,0,1,0,0,0,0
1,1,0,1,2,1,3,0,0,3.9061983328101,0,0.425,0,0,0.0,510,75,0,0,1,0,0,0,0
1,0,0,0,0,1,2,0,0,4.05602096805788,0,0.730769230769231,0,0,0.0,0,0,0,0,0,0,0,0,0
1,0,0,0,0,1,2,0,0,3.99865254687817,0,0.764705882352941,0,0,0.0,0,0,0,0,0,0,0,0,0
1,1,0,1,2,1,3,0,0,4.16589420839002,0,0.404761904761905,0,0,0.0,509,77,1,0,1,0,0,0,0
1,0,0,0,0,1,2,0,0,3.49060156295072,0,0.666666666666667,0,0,0.0,0,0,0,0,1,0,0,0,0
1,0,0,0,0,1,2,0,0,3.96501826628863,0,0.78125,0,1,0.0,130,76,0,0,1,0,0,0,0
1,1,0,0,0,1,2,0,0,3.89806851205884,0,0.766666666666667,0,0,0.0,194,133,0,0,1,0,0,0,0
1,1,0,0,0,1,2,0,0,3.85619629821938,0,0.703703703703704,0,0,0.0,3,5,0,0,1,0,0,0,0
1,0,0,0,0,0,3,0,0,4.16298074422591,0,0.794871794871795,0,0,0.0,0,0,0,0,1,0,0,0,0
1,1,0,0,0,1,2,0,0,4.09023401214514,0,0.758620689655172,0,0,0.0,36,4,0,0,1,0,0,0,0
1,0,0,0,0,1,2,0,0,4.17873829020436,0,0.447368421052632,0,0,0.0,0,0,0,0,1,0,0,0,0
1,0,0,0,0,1,2,0,0,4.02085512047121,0,0.794117647058824,0,0,0.0,0,0,0,0,0,0,0,0,0
1,0,0,0,0,1,2,0,0,3.46857662968787,0,0.695652173913044,0,0,0.0,0,0,0,0,0,0,0,0,0
1,0,0,0,0,1,3,0,0,3.76718346789146,0,0.692307692307692,0,0,0.0,0,0,0,0,0,0,0,0,0
1,0,0,0,0,1,4,1,0,3.9339903577563,0,0.454545454545455,0,0,0.0,137,52,0,0,0,0,0,0,0
1,0,0,0,0,0,3,0,0,3.99719987020791,1,0.536585365853659,0,0,0.0,0,0,0,0,1,0,0,0,0
1,1,0,1,0,1,2,0,0,3.93872187554087,0,0.708333333333333,0,1,0.0,71,27,0,0,1,0,0,0,0
1,1,0,0,0,1,2,0,0,3.93618043412976,0,0.652173913043478,0,0,0.0,0,3,0,0,1,0,0,0,0
1,1,0,1,0,1,2,0,0,3.67531086891237,0,0.652173913043478,0,0,0.0,2,0,0,0,1,0,0,0,0
1,0,0,0,0,1,3,0,0,4.37401622126886,0,0.244897959183673,0,0,0.0,181,0,8,0,1,0,0,0,0
1,0,0,0,0,1,3,0,0,4.33901688122819,0,0.307692307692308,0,0,0.0,0,0,6,0,1,0,0,0,0
1,1,0,1,0,1,3,0,0,4.09023401214515,0,0.724137931034483,0,0,0.0,110,46,0,0,1,0,0,0,0
1,1,0,1,0,1,3,1,0,3.60693673217532,0,0.681818181818182,0,1,0.0,15,11,0,0,1,0,0,0,0
1,0,0,1,0,1,2,0,0,3.70346518960165,0,0.72,0,1,0.0,141,39,0,0,1,0,0,0,0
1,1,0,0,0,1,2,0,0,4.0667842134731,0,0.774193548387097,0,0,0.0,0,3,0,0,1,0,0,0,0
1,1,0,1,0,1,2,0,0,3.71813906222957,0,0.75,0,0,0.0,2,3,0,0,1,0,0,0,0
1,1,0,0,0,1,2,0,0,3.78212222414531,0,0.703703703703704,0,1,0.0,96,32,0,0,0,0,0,0,0
1,0,0,0,0,1,3,0,0,4.29642681269415,0,0.279411764705882,0,0,0.0,0,0,0,0,1,0,0,0,0
1,0,0,0,0,0,2,0,0,3.95531131663401,0,0.342105263157895,0,0,0.0,0,0,1,0,0,0,0,0,0
1,0,0,0,0,1,2,0,0,4.00952395947516,0,0.805555555555556,0,0,0.0,0,0,0,0,0,0,0,0,0
1,0,0,0,0,0,3,0,0,4.17337398770379,0,0.418604651162791,0,0,0.0,0,0,0,0,1,0,0,0,0
1,1,0,0,0,1,2,0,0,3.42733349389827,0,0.619047619047619,0,1,0.0,0,13,0,0,1,0,0,0,0
0,0,0,0,0,0,4,0,0,4.42146788019945,0,0.48,0,0,0.0,0,0,2,0,1,0,1,0,0
1,0,0,0,0,0,3,0,0,4.128123183516,0,0.305555555555556,0,0,0.0,0,0,0,0,1,0,0,0,0
1,0,0,0,0,1,4,0,0,4.04598035801278,1,0.439024390243902,0,0,0.0,0,0,0,0,1,0,0,0,0
1,1,0,1,1,0,2,0,0,3.9928705166359,0,0.8,0,0,0.0,0,18,0,0,1,0,0,0,0
1,1,0,0,0,1,3,0,0,4.20780812363404,0,0.545454545454545,0,0,0.0,0,0,2,0,1,0,0,0,0
1,1,0,0,0,1,2,0,0,3.53831059561501,0,0.636363636363636,0,0,0.0,6,3,0,0,1,0,0,0,0
1,1,0,0,0,1,2,0,0,3.65726822961739,0,0.666666666666667,0,0,0.0,74,2,0,0,1,0,0,0,0
1,1,0,1,0,1,3,0,0,3.8828142771034,0,0.789473684210526,0,1,0.0,11,13,0,0,1,0,0,0,0
1,1,0,1,0,1,2,0,0,3.46328051781081,0,0.619047619047619,0,1,0.0,0,48,0,0,1,0,0,0,0
1,0,0,0,0,1,2,0,0,4.13520306731372,0,0.385964912280702,0,0,0.0,0,0,0,0,1,0,0,0,0
1,1,0,1,2,1,2,0,0,3.8852464442132,0,0.414634146341463,0,0,0.0,509,76,0,0,1,0,0,0,0
1,0,0,0,0,1,2,0,0,3.93027037229346,0,0.740740740740741,0,0,0.0,0,0,1,0,0,0,0,0,0
1,1,0,1,0,1,3,0,0,3.99172929667218,0,0.75,0,1,0.0,77,20,0,0,1,0,0,0,0
1,1,0,1,0,0,2,0,0,3.75326968951511,0,0.68,0,1,0.0,56,28,0,0,1,0,0,0,0
1,0,0,0,0,1,2,0,0,4.03600694533095,0,0.771428571428572,0,0,0.0,0,0,0,0,1,0,0,0,0
1,1,0,0,0,1,3,1,0,3.93891297802264,0,0.347826086956522,0,0,0.0,0,0,3,0,1,0,0,0,0
1,1,0,1,0,1,2,0,0,3.78107601191461,0,0.733333333333333,0,0,0.0,33,16,0,0,1,0,0,0,0
1,0,0,0,0,1,2,0,0,4.50435064794392,0,0.189873417721519,0,0,0.0,0,0,0,0,1,1,1,0,0
1,0,0,0,0,1,3,0,0,4.03600694533095,0,0.571428571428571,0,0,0.0,0,0,0,0,0,0,0,0,0
1,0,0,0,0,1,2,0,0,4.00805633974501,0,0.5,0,0,0.0,0,0,0,0,0,0,0,0,0
1,1,0,1,0,1,3,0,0,4.27608199985584,0,0.369565217391304,0,0,0.0,6,2,1,0,1,0,0,0,0
1,0,0,0,0,1,3,1,0,4.12798680687768,0,0.5,0,0,0.0,0,0,0,0,1,0,0,0,0
1,1,0,0,0,1,2,0,0,3.59326968951511,0,0.72,0,0,0.0,18,27,0,0,1,0,0,0,0
1,1,0,0,0,0,3,0,0,4.28840233237486,0,0.344827586206897,0,0,0.0,32,30,0,0,1,0,0,0,0
1,0,0,0,0,1,3,0,0,3.98107601191461,0,0.733333333333333,0,0,0.0,0,0,0,0,0,0,0,0,0
1,1,0,1,2,1,2,0,0,4.2372910269703,0,0.278688524590164,0,0,0.0,509,75,4,0,1,0,0,0,0
1,1,0,0,0,1,2,0,0,3.68970373219955,0,0.666666666666667,0,0,0.0,0,1,0,0,1,0,0,0,0
1,0,0,0,0,1,2,0,0,3.9677201004745,0,0.75,0,0,0.0,0,0,0,0,1,0,0,0,0
1,1,0,0,0,1,2,0,0,3.77777681145679,0,0.764705882352941,0,0,0.0,18,53,0,0,1,0,0,0,0
1,0,0,0,0,1,4,0,0,4.17527329788597,1,0.567567567567568,0,0,0.0,27,5,0,0,0,0,0,0,0
1,0,0,0,0,1,3,0,0,4.16429908806447,0,0.771428571428572,0,0,0.0,0,0,0,0,0,0,0,0,0
1,0,0,0,0,1,2,0,0,3.76355859913424,0,0.611111111111111,0,0,0.0,0,0,0,0,1,0,0,0,0
1,0,0,0,0,1,2,0,0,4.03140184539217,0,0.733333333333333,0,0,0.0,0,0,0,0,0,0,0,0,0
1,0,0,0,0,0,3,0,0,3.91938194564637,0,0.666666666666667,0,0,0.0,0,0,0,0,1,0,0,0,0
1,1,0,0,0,1,3,0,0,4.15473505580816,0,0.296875,0,0,0.0,149,617,0,0,1,0,0,0,0
1,0,0,0,0,0,3,0,0,4.02264170496331,0,0.392156862745098,0,0,0.0,0,0,0,0,1,0,0,0,0
1,1,0,1,0,1,4,0,0,4.08608778766372,0,0.425531914893617,0,0,0.0,38,11,0,0,0,0,0,0,0
1,0,0,0,0,1,3,1,0,3.97765386327595,0,0.333333333333333,0,0,0.0,0,0,0,0,1,0,0,0,0
1,1,0,1,1,1,2,0,0,3.74060156295072,0,0.666666666666667,0,0,0.0,0,114,0,0,1,0,0,0,0
1,0,0,0,0,1,2,0,0,3.44643934467102,0,0.6,0,0,0.0,0,0,0,0,1,0,0,0,0
1,1,0,1,8,1,2,0,0,4.08153237660641,0,0.757575757575758,0,0,0.0,12,3,1,0,1,0,0,0,0
1,0,0,0,0,0,5,0,0,4.20493745162943,0,0.363636363636364,0,0,0.0,0,0,0,0,0,0,0,0,0
1,1,0,0,1,1,2,0,0,4.03230324274395,0,0.703703703703704,0,0,0.0,50,55,0,0,1,0,0,0,0
1,0,0,0,0,0,4,0,0,4.27685839908382,0,0.415384615384615,0,0,0.0,0,0,0,0,0,0,0,0,0
1,1,0,0,0,1,2,0,0,3.66731461536961,0,0.724137931034483,0,0,0.0,2,0,0,0,1,0,0,0,0
1,0,0,0,0,1,3,0,0,4.131584626411,0,0.536585365853659,0,0,0.0,0,0,0,0,1,0,0,0,0
1,0,0,0,0,1,3,0,0,4.16344237388279,0,0.298245614035088,0,0,0.0,0,0,1,0,1,0,0,0,0
1,0,0,0,0,1,2,0,0,3.65726822961739,0,0.666666666666667,0,0,0.0,0,0,0,0,1,0,0,0,0
1,0,0,0,0,1,2,0,0,3.653756708287,0,0.619047619047619,0,0,0.0,1,29,0,0,1,0,0,0,0
1,1,0,1,2,1,2,0,0,3.95281953111478,0,0.78125,0,1,0.0,92,30,0,0,1,0,0,0,0
1,2,0,0,0,1,7,0,0,4.55242630521316,0,0.128712871287129,0,0,0.0,20,89,9,0,1,0,0,3,0
1,1,0,0,1,1,3,0,0,4.06439224830945,0,0.365853658536585,0,0,0.0,0,52,5,0,1,0,0,0,0
1,1,0,1,0,1,3,0,0,4.84456203548234,0,0.22,0,0,0.0,0,35,13,0,1,3,1,0,0
1,1,0,1,2,1,2,0,0,4.12994718447748,0,0.404761904761905,0,0,0.0,509,74,1,0,1,0,0,0,0
1,1,0,0,0,1,2,0,0,3.79790268968295,0,0.714285714285714,0,1,0.0,46,29,0,0,1,0,0,0,0
1,0,0,0,0,1,3,0,0,4.20209531816728,0,0.555555555555556,0,0,0.0,0,0,0,0,1,0,0,0,0
1,1,0,0,0,1,3,0,0,4.24854463922542,0,0.48936170212766,0,0,0.0,192,28,0,0,1,0,0,0,0
1,1,0,0,0,1,6,1,0,4.21887059599314,0,0.822222222222222,0,0,0.0,1,3,1,0,1,0,0,0,0
1,0,0,0,0,0,3,0,0,4.20599701623926,0,0.521739130434783,0,0,0.0,0,0,0,0,0,0,0,0,0
1,1,0,1,0,1,2,0,0,3.75343438618879,0,0.75,0,0,0.0,108,9,0,0,1,0,0,0,0
1,0,0,0,0,1,2,0,0,3.9928705166359,0,0.8,0,0,0.0,0,0,0,0,1,0,0,0,0
1,0,0,0,0,0,3,0,0,4.08982278200875,0,0.8,0,0,0.0,0,0,0,0,0,0,0,0,0
1,0,0,0,0,1,2,0,0,3.83326968951511,0,0.68,0,0,0.0,0,0,0,0,1,0,0,0,0
1,0,0,0,0,1,4,0,0,4.20213803120117,0,0.351851851851852,0,0,0.0,0,0,0,0,0,0,0,0,0
1,0,0,0,0,1,2,0,0,4.22914560202076,0,0.536585365853659,0,0,0.0,0,0,0,0,0,0,0,0,0
1,0,0,0,0,1,2,0,0,4.25386336842208,0,0.578947368421053,0,0,0.0,0,0,0,0,1,0,0,0,0
1,1,0,1,0,1,4,0,0,4.41834281270701,0,0.385964912280702,0,0,0.0,0,169,2,0,1,0,1,0,0
1,1,0,0,0,1,2,0,0,4.07781953111478,0,0.75,0,0,0.0,24,26,0,0,1,0,0,0,0
1,0,0,0,0,0,4,0,0,4.31992806754145,0,0.350877192982456,0,0,0.0,0,0,2,0,0,0,0,0,0
1,1,0,0,0,1,3,0,0,3.43045702550056,0,0.692307692307692,0,1,0.0,16,5,0,0,0,0,0,0,0
1,0,0,0,0,0,3,0,0,4.31523132421797,0,0.325581395348837,0,0,0.0,0,0,6,0,1,0,0,0,0
1,0,0,0,0,1,3,0,0,4.2826392437495,1,0.267857142857143,0,0,0.0,0,0,0,0,0,0,0,0,0
1,0,0,0,0,0,3,0,0,4.17555061590983,0,0.794871794871795,0,0,0.0,0,0,0,0,0,0,0,0,0
1,1,0,1,0,1,3,0,0,4.09232510264425,0,0.317073170731707,0,0,0.0,91,146,0,0,1,0,0,0,0
1,0,0,0,0,1,3,0,0,4.01055966178607,0,0.346938775510204,0,0,0.0,0,0,0,0,1,0,0,0,0
1,1,0,1,0,1,2,0,0,3.84410654481454,0,0.692307692307692,0,1,0.0,226,69,0,0,1,0,0,0,0
1,1,0,0,0,1,2,0,0,3.43872187554087,0,0.708333333333333,0,0,0.0,28,12,0,0,1,0,0,0,0
0,0,0,0,0,0,4,0,0,4.43142402762188,0,0.311475409836066,0,0,0.0,0,0,2,0,0,1,1,0,0
1,0,0,0,0,0,3,1,0,4.28456807649851,0,0.434782608695652,0,0,0.0,0,0,2,0,1,0,0,0,0
1,0,0,0,0,1,2,0,0,4.0441104177484,0,0.805555555555556,0,0,0.0,0,5,0,0,1,0,0,0,0
1,0,0,0,0,1,2,0,0,4.14031953111478,0,0.78125,0,0,0.0,0,0,0,0,0,0,0,0,0
1,0,0,0,0,1,2,0,0,3.74060156295072,0,0.708333333333333,0,0,0.0,0,0,0,0,0,0,0,0,0
1,0,0,0,0,1,3,0,0,4.21228437227082,0,0.326923076923077,0,0,0.0,0,0,0,0,0,0,0,0,0
1,0,0,0,0,0,3,0,55,4.210733712,0,0.463414634,0,0,0.0,0,0,0,0,1,0,0,0,0
1,1,0,0,0,1,2,0,9,3.814371943,0,0.724137931,0,1,0.0,49,5,0,2,1,0,0,0,0
0,0,0,0,0,0,5,0,14,4.312944635,0,0.396226415,0,0,0.0,0,0,3,0,0,0,1,0,0
1,1,0,1,0,1,2,0,8,3.940759833,0,0.714285714,0,0,0.0,60,18,0,0,1,0,0,0,0
1,1,0,0,0,1,2,0,0,3.772609521,0,0.741935484,0,0,0.0,18,5,0,0,1,0,0,0,0
1,0,0,0,0,1,3,0,22,4.219436815,0,0.534482759,0,0,0.0,0,0,0,0,0,0,1,0,0
1,1,0,0,0,1,2,0,9,3.930270372,0,0.703703704,0,0,0.0,22,24,0,0,1,0,0,0,0
1,1,0,0,0,1,2,0,9,3.75326969,0,0.68,0,0,0.0,22,2,0,9,1,0,0,0,0
1,1,0,0,0,1,2,0,9,3.73366069,0,0.72,0,0,0.0,34,47,0,0,1,0,0,0,0
1,1,0,1,0,0,3,0,9,4.065079515,0,0.777777778,0,1,0.0,47,40,0,11,1,0,0,0,0
1,0,0,0,0,1,2,0,9,4.532445627,0,0.294117647,0,0,0.0,0,0,6,2,1,0,0,0,0
1,1,0,1,0,1,3,0,9,3.740601563,0,0.666666667,0,1,0.0,44,70,0,6,1,0,0,0,0
1,1,0,0,0,1,2,0,8,3.782122224,0,0.703703704,0,1,0.0,0,51,0,1,1,0,0,0,0
1,1,0,0,0,1,3,0,8,3.883074189,0,0.68,0,0,0.0,66,106,0,2,1,0,0,0,0
1,1,0,1,0,1,2,0,9,3.762267391,0,0.652173913,0,0,0.0,135,55,0,0,1,0,0,0,0
1,1,0,0,0,0,3,0,9,3.839315198,0,0.348837209,0,0,0.0,63,124,0,2,1,0,0,0,0
1,0,0,0,0,0,3,0,12,4.116221641,1,0.448979592,0,0,0.0,0,0,0,0,1,0,0,0,0
1,0,0,0,0,1,2,0,53,3.9677201,0,0.75,0,0,0.0,0,0,2,0,1,0,0,0,0
1,1,0,0,0,1,2,0,0,4.026619294,0,0.741935484,0,0,0.0,0,3,0,0,1,0,0,0,0
1,1,0,1,0,1,3,0,0,4.32939677,0,0.794871795,0,0,0.0,19,2,0,0,1,0,0,0,0
1,1,0,1,0,1,2,0,0,3.844106545,0,0.692307692,0,0,0.0,280,147,0,0,1,0,0,0,0
1,1,0,1,0,1,2,0,0,3.78346519,0,0.72,0,0,0.0,48,46,0,0,1,0,0,0,0
1,1,0,1,0,1,2,0,0,3.968139062,0,0.78125,0,0,0.0,328,74,0,0,1,0,0,0,0
1,1,0,0,0,1,2,0,0,3.79790269,0,0.714285714,0,0,0.0,92,79,0,0,1,0,0,0,0
1,0,0,0,0,1,3,0,0,3.78834134,0,0.724137931,0,0,0.0,0,0,0,0,1,0,0,0,0
1,1,0,1,0,1,2,0,0,3.534219021,0,0.652173913,0,1,0.0,0,98,0,0,1,0,0,0,0
1,1,0,0,0,1,2,0,0,3.92507052,0,0.325,0,0,0.0,25,33,2,0,1,0,0,0,0
1,1,0,1,0,1,2,0,0,3.840402547,0,0.724137931,0,0,0.0,49,13,0,0,1,0,0,0,0
1,0,0,0,0,0,3,0,0,3.960320255,0,0.757575758,0,0,0.0,0,0,0,0,0,0,0,0,0
1,0,0,0,0,1,3,0,0,4.021268495,0,0.724137931,0,0,0.0,0,0,0,0,0,0,0,0,0
1,0,0,0,0,1,2,0,0,4.202819531,0,0.625,0,0,0.0,0,0,0,0,1,0,0,0,0
1,1,0,1,0,1,2,0,0,3.978333581,0,0.724137931,0,0,0.0,27,62,0,0,1,0,0,0,0
1,1,0,0,0,1,3,0,0,4.651118683,0,0.1625,0,0,0.0,2,0,10,0,1,2,1,0,0
1,1,0,0,0,1,2,0,0,4.098068512,0,0.766666667,0,0,0.0,63,60,0,0,1,0,0,0,0
1,1,0,1,0,1,2,0,0,3.772055209,0,0.666666667,0,0,0.0,14,7,0,0,1,0,0,0,0
1,1,0,1,0,1,3,0,0,3.503997527,0,0.636363636,0,1,0.0,67,45,0,0,1,0,0,0,0
1,1,0,1,0,1,2,0,0,3.9542474,0,0.764705882,0,0,0.0,0,31,0,0,1,0,0,0,0
1,1,0,1,0,0,3,0,0,4.141604168,0,0.777777778,0,0,0.0,25,8,2,0,1,0,0,0,0
1,1,0,1,1,1,2,0,0,3.594465637,0,0.619047619,0,1,0.0,0,39,0,0,1,0,0,0,0
1,0,0,0,0,0,3,0,0,4.055675387,1,0.523809524,0,0,0.0,0,0,2,0,1,0,0,0,0
1,0,0,0,0,0,3,0,0,4.023471592,0,0.526315789,0,0,0.0,0,0,0,0,0,0,0,0,0
1,1,0,1,2,1,2,0,0,4.118242691,0,0.34,0,0,0.0,509,88,4,0,1,0,0,0,0
1,1,0,1,0,1,2,0,0,3.845350937,0,0.636363636,0,0,0.0,6,5,0,0,1,0,0,0,0
1,0,0,0,0,0,4,0,0,4.120903584,1,0.380952381,0,0,0.0,0,0,0,0,0,0,0,0,0
1,0,0,0,0,1,2,0,0,3.849223912,0,0.652173913,0,0,0.0,0,0,0,0,1,0,0,0,0
1,1,0,0,0,1,2,0,0,3.57366069,0,0.44,0,1,0.0,48,26,4,0,1,0,0,0,0
1,0,0,0,0,0,3,0,0,4.202330092,1,0.651162791,0,0,0.0,0,0,3,0,0,0,0,0,0
1,1,0,0,0,1,2,0,0,4.115834092,0,0.789473684,0,0,0.0,144,152,0,0,1,0,0,0,0
1,1,0,1,0,1,2,0,0,3.762267391,0,0.652173913,0,1,0.0,32,18,0,0,1,0,0,0,0
1,1,0,1,0,0,3,0,0,4.077715447,0,0.486486486,0,1,0.0,43,372,3,0,1,0,0,0,0
1,0,0,0,0,1,2,0,0,4.073329702,0,0.724137931,0,0,0.0,0,0,0,0,1,0,0,0,0
1,1,0,1,0,1,2,0,0,4.004364185,0,0.75862069,0,1,0.0,183,24,0,0,1,0,0,0,0
1,1,0,0,0,1,3,0,0,4.168886995,0,0.404761905,0,0,0.0,64,33,5,0,1,0,0,0,0
1,1,0,0,0,1,2,0,0,4.164735179,0,0.733333333,0,0,0.0,84,51,0,0,1,0,0,0,0
1,1,0,0,0,1,2,0,0,4.150158513,0,0.787878788,0,0,0.0,813,567,0,0,1,0,0,0,0
1,1,0,1,0,1,2,0,0,3.94346519,0,0.68,0,0,0.0,10,9,0,0,1,0,0,0,0
1,0,0,0,0,1,2,0,0,3.553508855,0,0.666666667,0,0,0.0,0,0,0,0,0,0,0,0,0
1,0,0,0,0,1,3,0,0,4.094073766,0,0.558139535,0,0,0.0,88,42,0,0,1,0,0,0,0
1,0,0,0,0,1,3,0,0,4.177747163,0,0.3,0,0,0.0,0,0,0,0,1,0,0,0,0
1,1,0,0,0,1,2,0,0,3.886842188,0,0.708333333,0,0,0.0,0,0,0,0,1,0,0,0,0
1,1,0,1,0,1,2,0,0,3.350209029,0,0.611111111,0,0,0.0,62,124,0,0,1,0,0,0,0
1,0,0,0,0,1,2,0,0,3.736243413,0,0.733333333,0,0,0.0,0,0,0,0,0,0,0,0,0
1,0,0,0,0,1,3,0,0,4.117378745,0,0.276595745,0,0,0.0,0,0,3,0,1,0,0,0,0
1,1,0,1,0,1,2,0,0,3.772055209,0,0.708333333,0,1,0.0,19,8,0,0,1,0,0,0,0
1,0,0,0,0,1,4,0,0,4.280888923,0,0.355932203,0,0,0.0,0,0,0,0,0,0,0,0,0
1,0,0,0,0,0,4,0,0,4.15127238,0,0.5,0,0,0.0,0,0,1,0,0,0,0,0,0
1,1,0,0,0,1,2,0,0,3.85386322,0,0.724137931,0,0,0.0,25,76,0,0,1,0,0,0,0
1,1,0,1,0,1,2,0,0,3.937751955,0,0.741935484,0,0,0.0,96,15,0,0,1,0,0,0,0
1,0,0,0,0,0,5,0,0,4.080350732,0,0.534883721,0,0,0.0,0,0,1,0,0,0,0,0,0
1,1,0,0,0,1,2,0,0,3.855388542,0,0.708333333,0,0,0.0,1,2,0,0,1,0,0,0,0
1,1,0,0,0,1,3,0,0,4.056564762,0,0.766666667,0,0,0.0,7,30,0,0,1,0,0,0,0
1,0,0,0,0,1,3,0,0,3.898068512,0,0.733333333,0,0,0.0,0,0,0,0,1,0,0,0,0
0,0,0,0,0,1,3,0,0,4.188976521,0,0.339285714,0,0,0.0,0,0,1,0,1,0,0,0,0
1,0,0,0,0,0,3,0,0,3.853924188,0,0.804878049,0,0,0.0,0,0,0,0,1,0,0,0,0
1,1,0,1,0,1,3,0,0,3.904863245,0,0.387096774,0,1,0.0,0,74,0,0,1,0,0,0,0
1,0,0,0,0,0,5,1,0,4.252584119,0,0.338709677,0,0,0.0,0,0,4,0,1,0,1,0,0
1,1,0,1,0,1,2,0,0,4.110577243,0,0.75,0,0,0.0,327,72,0,0,1,0,0,0,0
1,1,0,0,0,1,3,0,0,3.941428032,0,0.75,0,0,0.0,0,0,0,0,1,0,0,0,0
1,1,0,1,0,1,3,0,0,4.216651363,0,0.444444444,0,0,0.0,210,231,4,0,1,0,0,0,0
1,0,0,1,0,1,3,0,0,4.04938915050318,0,0.2,0,1,0.0,29,31,0,0,1,0,0,0,0
1,0,0,0,0,1,4,0,0,4.13417732066744,0,0.84,0,0,0.0,0,0,0,0,0,0,0,0,0
1,0,0,0,0,1,3,0,0,4.18320807332232,0,0.354166666666667,0,0,0.0,0,0,0,0,1,0,0,0,0
1,0,0,0,0,1,3,0,0,3.73600694644766,0,0.481481481481481,0,0,0.0,0,0,1,0,0,0,0,0,0
1,1,0,0,0,0,2,0,0,3.58418371977919,0,0.65,0,1,0.0,25,51,0,0,1,0,0,0,0
1,1,0,0,0,1,3,0,0,3.83326968951511,0,0.68,0,0,0.0,1,4,0,0,0,0,0,0,0
1,0,0,0,0,1,2,0,0,3.86672929667218,1,0.46875,0,0,0.0,0,0,0,0,0,0,0,0,0
1,0,0,0,0,0,2,0,0,3.93027037229345,0,0.703703703703704,0,0,0.0,0,0,0,0,1,0,0,0,0
1,1,0,1,0,1,2,0,0,3.78212222414531,0,0.703703703703704,0,0,0.0,19,2,0,0,1,0,0,0,0
1,1,0,1,0,1,2,0,0,3.76385618977472,0,0.72,0,0,0.0,137,223,0,0,1,0,0,0,0
1,1,0,1,0,1,2,0,0,3.78107601191461,0,0.733333333333333,0,1,0.0,414,84,0,0,1,0,0,0,0
1,0,0,0,0,1,3,0,0,4.45830796093128,0,0.359375,0,0,0.0,0,0,14,0,1,0,0,0,0
1,1,0,1,0,1,2,0,0,4.05656476213095,0,0.733333333333333,0,0,0.0,33,22,0,0,1,0,0,0,0
1,0,0,0,0,1,4,0,0,4.16426884622194,0,0.322033898305085,0,0,0.0,0,0,0,0,0,0,0,0,0
1,0,0,0,0,1,2,0,0,3.92172123104524,0,0.771428571428572,0,0,0.0,0,0,0,0,0,0,0,0,0
1,0,0,0,0,1,3,1,0,4.07507052036418,0,0.25,0,0,0.0,0,0,0,0,0,0,0,0,0
1,0,0,0,0,1,2,0,0,3.40869496956284,0,0.6,0,0,0.0,0,0,1,0,1,0,0,0,0
1,0,0,0,0,0,5,0,0,4.23907957062417,0,0.44,0,0,0.0,0,0,0,0,0,0,0,0,0
1,0,0,0,0,1,2,0,0,3.74060156295072,0,0.666666666666667,0,0,0.0,0,0,0,0,1,0,0,0,0
1,0,0,0,0,1,4,0,0,4.30372451654319,0,0.307692307692308,0,0,0.0,0,0,2,0,0,0,1,0,0
1,0,0,0,0,1,2,0,0,3.68872187554087,0,0.708333333333333,0,0,0.0,0,0,0,0,0,0,0,0,0
1,0,0,0,0,0,5,0,0,4.32907790105808,1,0.444444444444444,0,0,0.0,0,0,0,0,0,0,0,0,0
1,1,0,0,0,1,3,0,0,3.9302252658009,0,0.388888888888889,0,0,0.0,1,0,0,0,1,0,0,0,0
1,0,0,0,0,0,3,0,0,3.84410654481454,0,0.692307692307692,0,0,0.0,0,0,0,0,0,0,0,0,0
1,1,0,1,0,0,2,0,0,3.76855477805902,0,0.516129032258065,0,0,0.0,422,426,0,0,1,0,0,0,0
1,0,0,0,0,0,3,0,0,4.12756715711693,0,0.8,0,0,0.0,0,0,0,0,1,0,0,0,0
1,0,0,0,0,1,3,0,0,4.69351882460185,0,0.271428571428571,0,0,0.0,0,0,10,0,1,0,1,0,0
1,1,0,0,0,1,2,1,0,3.79621760259006,0,0.692307692307692,0,0,0.0,7,14,0,0,1,0,0,0,0
1,1,0,0,0,1,2,0,0,3.99795269866069,0,0.692307692307692,0,0,0.0,0,3,0,0,1,0,0,0,0
1,0,0,0,0,1,2,0,0,4.10715623092161,0,0.8,0,0,0.0,0,0,0,0,0,0,0,0,0
1,1,0,0,0,0,3,0,0,3.80871969734407,0,0.741935483870968,0,0,0.0,3,5,0,0,1,0,0,0,0
1,1,0,1,0,1,2,0,0,3.81506101220307,0,0.733333333333333,0,1,0.0,39,33,0,0,1,0,0,0,0
1,0,0,0,0,1,3,0,0,3.84001826628863,0,0.75,0,0,0.0,0,0,0,0,0,0,0,0,0
1,0,0,0,0,1,2,0,0,4.06667707370723,0,0.787878787878788,0,0,0.0,0,0,0,0,1,0,0,0,0
1,0,0,0,0,0,3,0,0,4.28012027760572,0,0.627906976744186,0,0,0.0,0,0,0,0,0,0,0,0,0
1,1,0,1,2,1,3,0,0,4.09987473998898,0,0.354166666666667,0,0,0.0,510,85,0,0,1,0,0,0,0
1,1,0,1,0,1,2,0,0,3.76718346789146,0,0.692307692307692,0,1,0.0,24,31,0,0,1,0,0,0,0
1,1,0,1,0,1,3,0,0,3.60538854220753,0,0.541666666666667,0,0,0.0,42,15,0,0,1,0,0,0,0
1,0,0,0,0,1,2,0,0,3.88904953591417,0,0.741935483870968,0,0,0.0,0,0,0,0,1,0,0,0,0
1,0,0,0,0,1,2,0,0,3.67531086891236,0,0.695652173913044,0,0,0.0,0,0,0,0,1,0,0,0,0
1,0,0,0,0,0,4,0,0,3.93544585605077,0,0.789473684210526,0,0,0.0,0,0,0,0,0,0,0,0,0
1,1,0,1,0,0,2,0,0,3.90773427074249,0,0.757575757575758,0,0,0.0,60,83,0,0,1,0,0,0,0
1,1,0,1,2,1,3,0,0,4.39429387461755,0,0.293103448275862,0,0,0.0,510,78,4,0,1,0,0,0,0
1,1,0,1,0,1,3,0,0,3.84410654481454,0,0.730769230769231,0,0,0.0,6,12,0,0,1,0,0,0,0
1,0,0,0,0,1,2,0,0,3.79621760259006,0,0.730769230769231,0,0,0.0,0,0,0,0,1,0,0,0,0
1,1,0,1,0,1,3,0,0,4.51176253719007,0,0.241758241758242,0,1,0.0,115,99,5,0,1,0,0,0,0
1,0,0,0,0,1,3,0,0,4.24832356779325,0,0.490196078431373,0,0,0.0,0,0,0,0,1,0,0,0,0
1,0,0,1,0,0,3,0,0,3.72944619490526,0,0.652173913043478,0,1,0.0,16,115,2,0,1,0,0,0,0
1,0,0,0,0,0,3,1,0,3.74540642593825,0,0.724137931034483,0,0,0.0,0,0,0,0,0,0,0,0,0
1,0,0,0,0,0,4,0,0,4.17557489320521,0,0.363636363636364,0,0,0.0,0,0,0,0,0,0,0,0,0
1,1,0,0,0,1,2,0,0,3.87966400490259,0,0.681818181818182,0,0,0.0,68,39,2,0,1,0,0,0,0
1,0,0,0,0,1,2,0,0,3.68970373219955,0,0.666666666666667,0,0,0.0,0,0,0,0,1,0,0,0,0
1,1,0,0,0,1,4,0,0,3.97914092046105,0,0.37037037037037,0,1,0.0,279,19,0,0,0,0,0,0,0
1,0,0,0,0,1,4,0,0,4.22518527971557,0,0.357142857142857,0,0,0.0,0,0,5,0,0,0,0,0,0
1,1,0,1,3,1,2,0,0,3.79790268968295,0,0.714285714285714,0,0,0.0,0,257,0,0,1,0,0,0,0
1,0,0,0,0,1,3,0,0,4.19183076611872,0,0.386363636363636,0,0,0.0,0,0,3,0,1,0,0,0,0
1,1,0,0,0,1,2,0,0,3.91379956460568,0,0.714285714285714,0,0,0.0,110,20,0,0,1,0,0,0,0
1,0,0,0,0,0,3,0,0,4.52479151818756,0,0.372549019607843,0,0,0.0,0,0,4,0,1,0,1,0,0
1,0,0,0,0,1,3,0,0,3.91783779740342,0,0.75,0,0,0.0,0,0,0,0,0,0,0,0,0
1,0,0,0,0,1,3,0,0,4.17488586872424,0,0.260869565217391,0,0,0.0,2,5,0,0,1,0,0,0,0
1,0,0,0,0,1,5,1,0,4.35469803455986,0,0.169642857142857,0,0,0.0,0,0,0,0,1,0,0,0,0
1,1,0,0,0,1,2,0,0,3.93027037229346,0,0.703703703703704,0,0,0.0,0,0,0,0,1,0,0,0,0
1,0,0,0,0,1,5,1,0,4.01026146896429,0,0.323076923076923,0,0,0.0,0,0,0,0,1,0,0,0,0
1,1,0,1,0,1,3,0,0,3.95729402902733,0,0.424242424242424,0,0,0.0,73,35,0,0,0,0,0,0,0
1,1,0,1,0,1,2,0,0,3.78436848759686,0,0.741935483870968,0,1,0.0,0,6,0,0,1,0,0,0,0
0,0,0,0,0,0,4,0,0,3.71973943377047,0,0.486486486486487,0,0,0.0,0,0,0,0,0,0,0,0,0
1,1,0,0,0,1,2,0,0,3.45498685577267,0,0.708333333333333,0,0,0.0,0,0,0,0,1,0,0,0,0
1,0,0,0,0,1,2,0,0,3.93957226198672,0,0.733333333333333,0,0,0.0,0,0,0,0,0,0,0,0,0
0,1,0,0,0,1,3,0,0,4.2436281039112,0,0.333333333333333,0,0,0.0,19,8,6,0,1,0,1,0,0
1,0,0,0,0,1,3,0,0,3.75416342776888,0,0.703703703703704,0,0,0.0,0,0,0,0,0,0,0,0,0
1,1,0,1,2,1,3,0,0,4.07510129338113,0,0.369565217391304,0,0,0.0,510,77,0,0,1,0,0,0,0
1,0,0,0,0,1,2,0,0,3.75343438618879,0,0.75,0,0,0.0,0,0,0,0,0,0,0,0,0
1,0,0,0,0,0,2,0,0,3.9900172174899,0,0.771428571428572,0,0,0.0,0,0,0,0,0,0,0,0,0
1,1,0,1,0,1,3,0,0,3.90024177061663,0,0.724137931034483,0,1,0.0,48,18,0,0,1,0,0,0,0
1,1,0,0,0,1,2,0,0,3.94346518960165,0,0.68,0,0,0.0,0,0,0,0,1,0,0,0,0
1,1,0,1,0,1,2,0,0,3.74060156295072,0,0.666666666666667,0,0,0.0,10,1,0,0,1,0,0,0,0
1,1,0,0,0,1,2,0,0,3.79508858639773,0,0.695652173913044,0,0,0.0,0,98,0,0,1,0,0,0,0
1,1,0,1,0,1,2,0,0,3.82823750184296,0,0.703703703703704,0,0,0.0,26,48,0,0,1,0,0,0,0
1,0,0,0,0,0,3,1,0,4.09106281989284,0,0.444444444444444,0,0,0.0,0,0,0,0,1,0,0,0,0
1,1,0,0,0,1,4,0,0,3.97791687469364,0,0.741935483870968,0,1,0.0,125,37,0,0,0,0,0,0,0
1,1,0,1,0,1,2,0,0,4.08361697539723,0,0.714285714285714,0,0,0.0,0,1,0,0,1,0,0,0,0
1,1,0,0,0,1,2,0,0,3.78890976555739,0,0.75,0,1,0.0,124,43,0,0,1,0,0,0,0
1,1,0,0,0,1,2,0,0,3.75416342776888,0,0.703703703703704,0,0,0.0,58,96,0,0,1,0,0,0,0
1,1,0,1,8,1,2,0,0,3.88100548805464,0,0.794117647058824,0,1,0.0,31,31,0,0,1,0,0,0,0
1,0,0,0,0,1,2,0,0,3.94765720411742,0,0.425531914893617,0,0,0.0,0,0,0,0,1,0,0,0,0
1,1,0,0,0,1,2,0,0,3.71929452566698,0,0.461538461538462,0,1,0.0,49,48,0,0,1,0,0,0,0
1,0,0,0,0,1,2,0,0,3.78989809546429,0,0.5,0,0,0.0,0,0,0,0,1,0,0,0,0
1,0,0,0,0,1,2,0,0,3.98522813603425,0,0.714285714285714,0,0,0.0,0,0,0,0,1,0,0,0,0
1,0,0,0,0,1,2,0,0,4.00704882778696,0,0.75,0,0,0.0,0,0,0,0,0,0,0,0,0
1,1,0,0,0,1,3,0,0,4.03280638688745,0,0.5625,0,0,0.0,40,24,1,0,1,0,0,0,0
1,0,0,1,0,1,3,0,0,4.08637579009049,0,0.789473684210526,0,0,0.0,1,6,0,0,1,0,0,0,0
1,0,0,0,0,1,3,0,0,4.11352103232343,0,0.229166666666667,0,0,0.0,0,0,2,0,1,0,0,0,0
1,0,0,0,0,0,3,0,0,4.00043230253562,0,0.457142857142857,0,0,0.0,0,0,0,0,0,0,0,0,0
1,0,0,0,0,1,2,0,0,3.88333746042101,0,0.758620689655172,0,0,0.0,0,0,0,0,0,0,0,0,0
1,0,0,0,0,0,3,0,0,3.83127625337525,0,0.724137931034483,0,0,0.0,0,0,0,0,0,0,0,0,0
1,0,0,0,0,1,4,0,0,4.16301403399911,0,0.338983050847458,0,0,0.0,0,0,0,0,1,0,0,0,0
1,1,0,1,2,1,2,0,0,3.99640560457735,0,0.395348837209302,0,0,0.0,510,79,4,0,1,0,0,0,0
1,1,0,1,0,1,3,0,0,3.53831059561501,0,0.636363636363636,0,0,0.0,124,29,0,0,0,0,0,0,0
1,0,0,0,0,1,3,0,0,4.22627014208969,0,0.277777777777778,0,0,0.0,0,0,10,0,1,0,0,0,0
1,1,0,1,1,1,2,0,0,4.22662828518029,0,0.378378378378378,0,0,0.0,157,43,0,0,1,0,0,0,0
1,1,0,1,2,1,2,0,0,4.0407090139455,0,0.447368421052632,0,0,0.0,510,81,0,0,1,0,0,0,0
1,1,0,1,0,1,2,0,0,3.92922929667218,0,0.75,0,0,0.0,0,154,0,0,1,0,0,0,0
1,1,0,0,0,1,2,0,0,4.06507951503072,0,0.777777777777778,0,1,0.0,74,31,0,0,1,0,0,0,0
1,1,0,0,0,1,2,0,0,4.01057093426848,0,0.789473684210526,0,0,0.0,0,0,0,0,1,0,0,0,0
1,0,0,0,0,1,2,0,0,3.85182322555177,0,0.464285714285714,0,0,0.0,0,0,0,0,1,0,0,0,0
1,1,0,0,0,1,2,0,0,3.68872187554087,0,0.666666666666667,0,0,0.0,2,7,0,0,1,0,0,0,0
1,0,0,0,0,0,4,0,0,4.29464636342018,0,0.311111111111111,0,0,0.0,0,0,9,0,0,0,0,0,0
1,0,0,0,0,1,2,0,0,3.78494182743764,0,0.666666666666667,0,0,0.0,0,0,0,0,1,0,0,0,0
1,0,0,0,0,1,3,0,0,4.07462382942649,0,0.153846153846154,0,0,0.0,0,0,0,0,0,0,0,0,0
1,0,0,0,0,1,2,0,0,3.52271195568076,0,0.652173913043478,0,0,0.0,0,0,0,0,1,0,0,0,0
1,0,0,0,0,1,4,1,0,4.10293343438235,1,0.5,0,0,0.0,0,0,1,0,0,0,0,0,0
1,0,0,0,0,1,3,0,0,4.08153237660641,0,0.393939393939394,0,0,0.0,0,0,0,0,1,0,0,0,0
1,1,0,1,0,1,3,0,0,4.00434444636753,0,0.740740740740741,0,0,0.0,42,15,0,0,1,0,0,0,0
1,1,0,1,0,1,2,1,9,3.26082817122446,0,0.578947368421053,0,0,0.0,72,37,0,0,1,0,0,0,0
1,0,0,0,0,1,2,0,9,3.99373058423148,0,0.741935483870968,0,0,0.0,17,103,0,11,1,0,0,0,0
1,0,0,0,0,0,4,0,20,3.96834033134855,0,0.757575757575758,0,0,0.0,0,0,0,0,0,0,0,0,0
1,1,0,0,0,1,3,0,9,4.23447955413374,0,0.404761904761905,0,0,0.0,121,83,5,3,1,0,0,0,0
1,1,0,1,0,0,4,0,21,4.28339664282737,0,0.322222222222222,0,1,0.0,216,65,2,0,1,0,0,0,0
1,1,0,1,0,1,2,0,9,3.8841550945958,0,0.703703703703704,0,0,0.0,0,10,0,0,1,0,0,0,0
1,1,0,1,0,1,2,0,9,3.62346518960165,0,0.44,0,0,0.0,0,0,0,2,1,0,0,0,0
1,1,0,1,2,1,2,0,32,3.84313906222957,0,0.53125,0,0,0.0,510,82,0,0,1,0,0,0,0
1,0,0,0,0,1,3,1,39,3.74060156295072,0,0.666666666666667,0,0,0.0,0,0,0,0,0,0,0,0,0
1,0,0,0,0,0,3,0,9,4.06507951503072,0,0.777777777777778,0,0,0.0,0,0,0,0,1,0,0,0,0
1,1,0,0,0,1,2,0,14,3.46328051781081,0,0.619047619047619,0,0,0.0,0,0,0,0,1,0,0,0,0
1,1,0,0,0,1,2,0,10,4.18788919491935,0,0.757575757575758,0,0,0.0,0,3,0,0,1,0,0,0,0
1,0,0,0,0,1,2,0,8,3.36804242257272,0,0.619047619047619,0,0,0.0,1,1,0,1,1,0,0,0,0
1,0,0,0,0,1,2,0,34,3.91379956460568,0,0.714285714285714,0,0,0.0,0,0,0,0,1,0,0,0,0
1,1,0,1,0,1,2,0,37,4.20896608269462,0,0.75,0,0,0.0,1,2,0,0,1,0,0,0,0
1,1,0,0,0,1,2,0,9,4.02126849490377,0,0.758620689655172,0,0,0.0,20,17,0,11,1,0,0,0,0
1,0,0,0,0,1,3,0,16,3.87314067951313,0,0.730769230769231,0,0,0.0,0,0,0,0,0,0,0,0,0
1,1,0,1,1,0,3,1,8,4.16793404877149,0,0.431372549019608,0,1,0.0,14,17,0,3,1,0,0,0,0
1,0,0,0,0,1,3,0,9,3.67644090869687,0,0.586206896551724,0,0,0.0,0,0,0,7,0,0,0,0,0
1,0,0,0,0,1,4,0,9,4.46220448032207,0,0.306451612903226,0,0,0.0,0,0,3,10,1,0,0,0,0
1,0,0,0,0,1,2,0,32,3.7489948035251,0,0.619047619047619,0,0,0.0,0,0,0,0,1,0,0,0,0
0,0,0,0,0,0,2,0,9,4.10198796417605,0,0.305084745762712,0,0,0.0,0,0,0,1,1,0,0,0,0
1,1,0,1,2,1,2,0,32,3.95837137147503,0,0.395348837209302,0,0,0.0,510,84,0,0,1,0,0,0,0
1,1,0,0,0,1,2,0,9,3.89729971755172,0,0.485714285714286,0,0,0.0,79,26,4,3,1,0,0,0,0
1,1,0,1,0,1,2,0,9,4.22144194520733,0,0.771428571428572,0,0,0.0,77,29,0,0,1,0,0,0,0
1,0,0,0,0,1,3,0,0,4.18581027074396,0,0.338983050847458,0,0,0.0,0,0,0,0,0,0,0,0,0
0,1,0,1,0,1,4,0,0,4.4760438650772,0,0.36,0,0,0.0,0,44,0,0,1,0,1,0,0
1,0,0,0,0,1,3,1,0,3.9994581877844,0,0.363636363636364,0,0,0.0,0,0,0,0,1,0,0,0,0
1,1,0,0,0,1,2,0,0,3.79790268968295,0,0.714285714285714,0,0,0.0,1,2,0,0,1,0,0,0,0
1,1,0,1,0,1,2,0,0,3.81437194317963,0,0.724137931034483,0,0,0.0,158,51,0,0,1,0,0,0,0
1,0,0,0,0,1,3,1,0,3.54643934467102,0,0.65,0,0,0.0,0,0,0,0,0,0,0,0,0
1,0,0,0,0,1,2,0,0,4.04598035801278,0,0.268292682926829,0,0,0.0,0,0,0,0,0,0,0,0,0
1,0,0,0,0,1,2,0,0,3.66353275480425,0,0.636363636363636,0,0,0.0,0,0,0,0,1,0,0,0,0
1,1,0,0,0,1,4,0,0,3.62346518960165,0,0.68,0,0,0.0,104,29,0,0,0,0,0,0,0
1,0,0,0,0,1,2,0,0,3.96834033134855,0,0.575757575757576,0,0,0.0,0,0,0,0,1,0,0,0,0
1,0,0,0,0,1,2,0,0,3.91211389097223,0,0.740740740740741,0,0,0.0,0,0,0,0,1,0,0,0,0
1,0,0,0,0,1,2,0,0,3.56140632972184,0,0.433333333333333,0,0,0.0,0,0,0,0,0,0,0,0,0
1,0,0,0,0,1,2,0,0,3.93060964959592,0,0.787878787878788,0,0,0.0,0,0,0,0,0,0,0,0,0
1,1,0,1,2,1,2,0,0,4.12756715711693,0,0.425,0,0,0.0,510,83,0,0,1,0,0,0,0
1,1,0,0,0,1,2,0,0,3.88333746042101,0,0.758620689655172,0,1,0.0,61,261,0,0,1,0,0,0,0
1,0,0,0,0,0,2,0,0,3.7887549139935,0,0.681818181818182,0,0,0.0,0,0,4,0,0,0,0,0,1
1,0,0,0,0,0,3,0,0,4.26010509325694,0,0.280701754385965,0,0,0.0217391304347826,0,0,0,0,0,0,0,0,1
1,0,0,0,0,0,3,0,0,4.18398182058091,0,0.42,0,0,0.0,0,0,1,0,1,0,0,0,1
0,1,0,0,0,0,3,0,0,4.59361063591946,0,0.333333333333333,0,0,0.290322580645161,0,350,3,0,1,0,0,0,1
0,0,0,0,0,0,3,0,0,4.63423299154609,0,0.358024691358025,0,0,0.0,0,0,12,0,1,0,0,0,1
0,0,0,0,0,1,6,0,0,4.97407141556733,0,0.13855421686747,0,0,0.0,0,0,41,0,0,1,1,0,1
0,0,0,0,0,0,4,0,0,4.26452476870247,0,0.454545454545455,0,0,0.0,0,0,1,0,1,0,0,0,1
1,0,0,0,0,0,4,0,0,3.89834297357137,0,0.605263157894737,0,0,0.0,0,0,0,0,0,0,0,0,1
1,0,0,0,0,0,4,0,0,4.36611493809512,0,0.685185185185185,0,0,0.0,0,0,4,0,1,0,0,0,1
0,0,0,0,0,1,6,0,0,5.03779247896457,0,0.136094674556213,0,0,0.048076923076923,0,0,38,0,0,1,1,0,1
1,0,0,0,0,0,3,0,0,4.01158543183743,0,0.657142857142857,0,0,0.0,0,0,0,0,0,0,0,0,1
0,0,0,0,0,0,3,0,0,4.99741232293504,0,0.137055837563452,0,0,0.0636363636363636,0,0,59,0,1,0,2,0,1
1,0,0,0,0,0,4,0,0,4.91260947990977,0,0.228571428571429,0,0,0.0,0,0,22,0,0,3,1,0,1
0,0,0,0,0,0,3,0,0,4.03911498206509,0,0.288135593220339,0,0,0.0,0,0,0,0,1,0,0,0,1
0,0,0,0,0,0,3,0,0,4.34643934467102,0,0.45,0,0,0.0,0,0,0,0,0,0,0,0,1
1,0,0,0,0,0,3,0,0,4.34933525087565,0,0.297297297297297,0,0,0.0,0,0,0,0,1,0,0,0,1
0,0,0,0,0,0,4,0,0,4.09314980247381,0,0.457142857142857,0,0,0.0,0,0,9,0,0,0,0,0,1
1,0,0,0,0,0,3,0,0,4.08766662440766,0,0.391304347826087,0,0,0.0,0,0,0,0,1,0,0,0,1
1,0,0,0,0,0,2,0,0,4.04380169485379,0,0.575757575757576,0,0,0.0,0,0,0,0,1,0,0,0,1
1,0,0,0,0,0,2,0,0,4.03921153694816,0,0.774193548387097,0,0,0.0,0,0,0,0,0,0,0,0,1
1,0,1,0,0,0,3,0,0,3.88460066269236,0,0.378378378378378,0,0,0.0,0,0,0,0,0,0,0,0,1
1,0,0,0,0,0,2,0,0,3.93112754269503,0,0.4375,0,0,0.0,0,0,0,0,0,0,0,0,1
0,0,0,0,0,0,5,0,0,4.94466134490349,0,0.295918367346939,0,0,0.0,0,0,18,0,0,2,1,0,1
1,0,0,0,0,0,2,0,0,4.03351350064714,0,0.594594594594595,0,0,0.0,0,0,0,0,0,0,0,0,1
1,0,0,0,0,0,2,0,0,4.63629103003423,0,0.151515151515152,0,0,0.0,0,0,23,0,1,0,0,0,1
1,0,0,0,0,0,4,0,0,4.47462382942649,0,0.276923076923077,0,0,0.0,0,0,30,0,0,0,0,0,1
0,0,0,0,0,0,4,0,0,4.17940925795262,0,0.403846153846154,0,0,0.0,0,0,2,0,0,0,0,0,1
1,0,0,0,0,0,2,0,0,4.30910131613147,0,0.454545454545455,0,0,0.0,0,0,3,0,0,0,0,0,1
1,0,0,0,0,0,2,0,0,4.17146526179041,0,0.580645161290323,0,0,0.0,0,0,1,0,1,0,0,0,1
1,0,0,0,0,0,3,0,0,4.37899198690006,0,0.421052631578947,0,0,0.227272727272727,0,0,3,0,0,0,0,0,1
1,0,0,0,0,0,2,0,0,4.69962549486595,0,0.217948717948718,0,0,0.0,0,0,8,0,0,0,0,0,1
1,0,0,0,0,0,3,0,0,3.78107601191461,0,0.533333333333333,0,0,0.0,0,0,1,0,1,0,0,0,1
1,0,0,0,0,0,4,0,0,4.15959272014025,0,0.357142857142857,0,0,0.0,0,0,0,0,0,0,0,0,1
1,0,0,0,0,0,3,0,0,4.23976359171015,0,0.534883720930233,0,0,0.0,0,0,1,0,0,0,0,0,1
1,0,0,0,0,0,4,0,0,4.10792248912737,0,0.391304347826087,0,0,0.0,0,0,0,0,0,0,0,0,1
0,0,0,0,0,0,2,0,0,4.52459901771342,0,0.295081967213115,0,0,0.195121951219512,0,0,0,0,0,0,0,0,1
1,0,0,0,0,0,2,0,0,4.42478786740766,0,0.224489795918367,0,0,0.527272727272727,0,0,0,0,0,0,0,0,1
0,0,0,0,0,0,4,0,0,4.19117776480133,0,0.377049180327869,0,0,0.0,0,0,0,0,0,0,0,0,1
0,0,0,0,0,0,4,0,0,4.06439224830945,0,0.414634146341463,0,0,0.0,0,0,0,0,0,0,0,0,1
0,0,0,0,0,0,3,0,0,5.22618757305034,0,0.141935483870968,0,0,0.476744186046512,0,0,4,0,0,2,1,0,1
0,0,0,0,0,0,3,0,0,4.02200051688315,0,0.428571428571429,0,0,0.0,0,0,0,0,0,0,0,0,1
0,0,0,0,0,0,5,0,0,3.98578082135646,0,0.472222222222222,0,0,0.0,0,0,10,0,0,0,0,0,1
1,0,0,0,0,0,2,0,0,4.10184606668238,0,0.487804878048781,0,0,0.064516129032258,0,0,0,0,1,0,0,0,1
0,0,0,0,0,0,4,0,0,4.54656953111478,0,0.515625,0,0,0.130434782608696,0,0,3,0,0,0,0,0,1
0,0,0,0,0,0,3,0,0,4.36598699883233,0,0.323076923076923,0,0,0.0,0,0,2,0,1,0,1,0,1
1,0,0,0,0,0,2,0,0,4.56460321310358,0,0.319148936170213,0,0,0.0,0,0,3,0,0,0,1,0,1
0,1,0,0,0,0,3,0,0,4.25315446642642,0,0.314814814814815,0,0,0.0,0,3,0,0,1,0,0,0,1
1,0,0,0,0,0,3,0,0,4.62555745530831,0,0.396825396825397,0,0,0.268292682926829,0,0,0,0,1,0,0,0,1
0,0,0,0,0,0,4,0,0,4.88587632939725,0,0.153488372093023,0,0,0.0797101449275362,0,0,17,0,0,8,1,0,1
0,0,0,0,0,0,3,0,0,4.23124438318691,0,0.1875,0,0,0.0,0,0,1,0,0,0,0,0,1
1,0,0,0,0,0,2,0,0,4.20123178947471,0,0.526315789473684,0,0,0.0,0,0,4,0,1,0,0,0,1
0,0,0,0,0,0,4,0,0,3.85420798509734,0,0.39344262295082,0,0,0.0,0,0,0,0,0,0,0,0,1
1,0,0,0,0,1,3,0,0,4.35068478425551,0,0.540540540540541,0,0,0.166666666666667,0,0,2,0,1,0,0,0,1
1,0,0,0,0,0,3,0,0,4.46854597132786,0,0.347826086956522,0,0,0.0,0,0,7,0,1,0,0,0,1
1,0,0,0,0,0,3,0,0,4.23419591434182,0,0.491525423728814,0,0,0.0,0,0,0,0,1,0,0,0,1
0,0,0,0,0,0,3,0,0,3.9788640881881,0,0.4,0,0,0.0,0,0,0,0,0,0,0,0,1
0,0,0,0,0,0,6,0,0,4.34851904845186,0,0.285714285714286,0,0,0.0,0,0,3,0,1,0,0,0,1
1,0,0,0,0,0,3,0,0,4.12994718447748,0,0.547619047619048,0,0,0.0,0,0,2,0,0,0,0,0,1
0,0,0,0,0,0,3,0,0,3.96813906222957,0,0.53125,0,0,0.0,0,0,2,0,0,0,0,0,1
0,0,0,0,0,0,3,0,0,4.40038290453443,0,0.253333333333333,0,0,0.0,0,0,0,0,1,0,1,0,1
1,0,0,0,0,0,3,0,0,4.19773053835372,0,0.232142857142857,0,0,0.0232558139534883,0,0,0,0,0,0,0,0,1
0,0,0,0,0,1,3,0,0,4.05142806502851,0,0.442307692307692,0,0,0.0,0,0,0,0,0,0,1,0,1
1,0,0,0,0,0,2,0,0,4.26064991040181,0,0.258620689655172,0,0,0.0217391304347826,0,0,0,0,1,0,0,0,1
1,0,0,0,0,0,3,0,0,4.58611134723282,0,0.283582089552239,0,0,0.02,0,0,4,0,1,0,1,0,1
1,0,0,0,0,0,3,0,0,5.38147392334846,0,0.236363636363636,0,0,0.338235294117647,0,0,9,0,0,0,0,0,1
1,1,0,1,0,0,2,0,0,4.3737962969418,0,0.558823529411765,0,0,0.0,0,206,3,0,1,0,0,0,1
1,0,1,0,0,0,5,0,0,4.3561983328101,0,0.425,0,0,0.0,0,0,10,0,0,0,0,0,1
1,0,0,0,0,0,7,0,0,4.35085129665231,0,0.613636363636364,0,0,0.0,0,0,0,0,1,0,0,0,1
1,0,0,0,0,0,3,0,0,4.25020191897574,0,0.644444444444445,0,0,0.0,0,0,0,0,1,0,0,0,1
1,0,0,0,0,0,4,0,0,3.63397407599716,0,0.740740740740741,0,0,0.0,0,0,12,0,0,0,0,0,1
0,0,0,0,0,0,5,0,0,4.13176950127957,0,0.486486486486487,0,0,0.0,0,0,11,0,0,0,0,0,1
0,1,0,0,0,1,4,0,0,3.96836743955838,0,0.54,0,0,0.0,0,3,0,0,1,0,0,0,1
1,1,0,1,0,0,2,0,0,3.85538854220754,0,0.5,0,0,0.0,0,2,0,0,1,0,0,0,1
1,1,0,1,0,0,2,0,0,3.92323142879762,0,0.5,0,0,0.0,0,147,0,0,1,0,0,0,1
1,0,0,0,0,0,2,0,0,4.16473517872551,0,0.533333333333333,0,0,0.0,0,0,3,0,0,0,0,0,1
1,0,0,0,0,0,2,0,0,3.78212222414531,0,0.740740740740741,0,0,0.0,0,0,0,0,0,0,0,0,1
0,0,0,0,0,0,4,0,0,5.86489386362007,0,0.0798479087452471,0,0,0.918918918918919,0,0,36,0,0,0,1,0,1
1,0,0,0,0,0,5,0,0,4.07084709362252,0,0.447368421052632,0,0,0.0,0,0,11,0,0,0,0,0,1
1,1,0,1,2,1,2,0,0,3.83326968951511,0,0.68,0,0,0.0,168,75,0,0,1,0,0,0,1
1,0,0,0,0,0,2,0,0,4.10184606668238,0,0.487804878048781,0,0,0.0,0,0,0,0,1,0,0,0,1
0,0,0,0,0,0,5,0,0,4.24738623569526,0,0.339285714285714,0,0,0.0,0,0,0,0,1,0,0,0,1
1,1,0,0,0,0,2,0,0,4.07084743139459,0,0.390243902439024,0,0,0.064516129032258,0,3,0,0,1,0,0,0,1
0,0,0,0,0,0,2,0,0,4.20553607598983,0,0.369565217391304,0,0,0.0,0,0,0,0,0,0,0,0,1
1,0,0,0,0,0,2,0,0,3.82781953111478,0,0.78125,0,0,0.0,0,0,0,0,1,0,0,0,1
1,0,0,0,0,0,2,0,0,3.3263604079527,0,0.578947368421053,0,0,0.0,0,0,0,0,0,0,0,0,1
1,0,0,0,0,0,4,0,0,4.12269370015246,0,0.609756097560976,0,0,0.1,0,0,0,0,0,0,0,0,1
1,0,0,0,0,0,6,0,0,5.47852760475697,0,0.179310344827586,0,0,0.385542168674699,0,0,13,0,0,0,1,0,1
0,0,0,0,0,0,3,0,0,4.38500711920017,0,0.368421052631579,0,0,0.0,0,0,3,0,0,0,0,0,1
1,0,0,0,0,1,2,0,0,4.18582355533362,0,0.594594594594595,0,0,0.0,0,0,2,0,0,0,0,0,1
1,0,0,0,0,0,6,0,0,4.69937355939228,0,0.264367816091954,0,0,0.046875,0,0,3,0,0,0,0,0,1
0,0,0,0,0,0,4,0,0,4.05546712975509,0,0.5,0,0,0.0,0,0,0,0,0,0,0,0,1
1,0,0,0,0,0,3,0,0,4.3697891346808,0,0.355932203389831,0,0,0.0666666666666666,0,0,0,0,0,0,0,0,1
1,0,0,0,0,0,3,0,0,3.88683929667127,0,0.714285714285714,0,0,0.0,0,0,0,0,0,0,0,0,1
1,0,0,0,0,0,3,0,0,4.15930576645998,0,0.461538461538462,0,0,0.0,0,0,0,0,0,0,0,0,1
0,0,0,0,0,0,3,0,0,4.24437532216502,0,0.368421052631579,0,0,0.0,0,0,0,0,1,0,0,0,1
1,0,0,0,0,0,3,0,0,4.16683569951592,0,0.272727272727273,0,0,0.0,0,0,2,0,0,0,0,0,1
1,0,0,0,0,0,3,0,0,3.98117253406448,0,0.511627906976744,0,0,0.0294117647058823,0,0,0,0,0,0,0,0,1
1,0,0,0,0,0,4,0,0,4.85877306023715,0,0.214285714285714,0,0,0.0434782608695652,0,0,8,0,1,1,2,0,1
1,0,0,0,0,0,2,0,0,4.25632838591246,0,0.375,0,0,0.0263157894736842,0,0,0,0,0,0,0,0,1
1,0,0,0,0,0,2,0,0,4.69185582506173,0,0.240506329113924,0,0,0.0930232558139534,0,0,22,0,0,0,0,0,1
1,0,0,0,0,0,5,0,0,5.60979463078701,0,0.130742049469965,0,0,0.302469135802469,0,0,35,0,0,6,1,3,1
0,0,0,0,0,0,14,0,0,5.03106048143738,0,0.065040650406504,0,0,0.0441176470588235,0,0,60,0,1,8,2,0,1
1,0,0,0,0,0,2,0,0,4.20743551675953,0,0.571428571428571,0,0,0.0,0,0,2,0,1,0,0,0,1
0,0,0,0,0,0,3,0,0,4.64628637650919,0,0.253164556962025,0,0,0.0,0,0,14,0,0,1,1,0,1
1,0,0,0,0,0,2,0,0,4.28338140599408,0,0.648648648648649,0,0,0.0,0,0,0,0,0,0,0,0,1
1,0,0,0,0,0,2,0,0,4.13961633811729,0,0.409836065573771,0,0,0.0,0,0,0,0,0,0,0,0,1
0,0,0,0,0,0,3,0,0,4.1949067057089,0,0.794871794871795,0,0,0.0,0,0,2,0,0,0,0,0,1
1,1,0,0,0,0,3,0,0,4.09806851205884,0,0.766666666666667,0,0,0.0,3,0,0,0,1,0,0,0,1
1,0,0,0,0,0,4,0,0,4.24287378935339,0,0.87037037037037,0,0,0.0,0,0,0,0,0,0,0,0,1
1,0,0,0,0,0,8,0,0,4.63207337673949,0,0.658536585365854,0,0,0.0,0,0,48,0,0,0,0,0,1
1,0,0,0,0,0,3,0,0,4.03600694533095,0,0.4,0,0,0.0,0,0,0,0,0,0,0,0,1
1,0,0,0,0,0,2,0,0,4.64661679280714,0,0.317073170731707,0,0,0.0,0,0,23,0,1,0,0,0,1
0,0,0,0,0,0,4,0,0,4.24707792109997,0,0.327868852459016,0,0,0.0,0,0,3,0,0,0,1,0,1
1,0,0,0,0,0,3,0,0,4.13907129820996,0,0.425531914893617,0,0,0.0,0,0,1,0,1,0,0,0,1
1,0,0,0,0,0,2,0,0,3.85249342788633,0,0.5,0,0,0.0,0,0,2,0,0,0,0,0,1
1,0,0,0,0,0,3,0,0,4.34671449369646,0,0.434782608695652,0,0,0.0,0,0,0,0,0,0,0,0,1
1,1,0,1,0,0,3,0,0,3.48582592784901,0,0.62962962962963,0,0,0.0,2,0,0,0,0,0,0,0,1
0,0,0,0,0,0,3,0,0,3.89971419478823,0,0.515151515151515,0,0,0.0,0,0,0,0,0,0,0,0,1
1,0,0,0,0,0,3,0,0,4.01585438144957,0,0.38,0,0,0.0,8,35,3,0,1,0,0,0,1
1,0,0,0,0,0,3,0,0,5.70689319974186,0,0.185929648241206,0,0,0.369369369369369,0,0,20,0,0,5,1,0,1
1,0,0,0,0,0,2,0,0,4.11626461566802,0,0.448275862068966,0,0,0.0,0,0,1,0,0,0,0,0,1
0,0,0,0,0,0,15,0,0,5.00635637880941,0,0.0696721311475409,0,0,0.0504201680672268,0,0,74,0,1,12,2,0,1
1,0,0,0,0,0,2,0,0,4.21979128622396,0,0.365384615384615,0,0,0.0238095238095238,0,0,0,0,0,0,0,0,1
1,0,0,0,0,0,2,0,0,4.27368437626202,0,0.555555555555556,0,0,0.0,0,0,0,0,0,0,0,0,1
1,0,0,0,0,0,2,0,0,4.07781953111478,0,0.53125,0,0,0.0,0,0,2,0,0,0,0,0,1
0,1,0,1,0,0,3,0,0,4.32675494034227,0,0.509803921568627,0,0,0.05,6,1,0,0,1,0,0,0,1
1,0,0,0,0,0,3,0,0,5.37801123576023,0,0.207920792079208,0,0,0.304347826086957,0,0,20,0,0,0,1,0,1
1,0,0,0,0,0,2,0,0,3.86658710582896,0,0.441176470588235,0,0,0.0,0,0,0,0,0,0,0,0,1
1,0,0,0,0,0,3,0,0,4.65009268535547,0,0.352941176470588,0,0,0.0,0,0,4,0,0,0,0,0,1
1,0,0,0,0,0,3,0,0,3.95822916866988,0,0.518518518518519,0,0,0.0,0,0,0,0,1,0,0,0,1
1,1,0,0,0,0,2,0,0,3.90936806394389,0,0.551724137931035,0,0,0.0,4,0,3,0,0,0,0,0,1
0,0,0,0,0,0,5,0,0,4.92581817418454,0,0.166666666666667,0,0,0.0105263157894736,0,0,10,0,0,2,1,0,1
1,0,0,0,0,0,3,0,0,4.06667707370723,0,0.575757575757576,0,0,0.0,0,0,3,0,0,0,0,0,1
1,0,0,0,0,1,18,0,0,5.63472274944692,0,0.0235426008968609,0,0,0.758730158730159,0,0,212,0,1,9,1,49,1
1,0,0,0,0,0,2,0,0,3.89629152904593,0,0.714285714285714,0,0,0.0,0,0,4,0,0,0,0,0,1
1,0,0,0,0,0,4,0,0,4.13105478274292,0,0.615384615384615,0,0,0.0,0,0,3,0,0,0,0,0,1
1,0,0,0,0,0,4,0,0,3.40151528031751,0,0.766666666666667,0,0,0.0,0,0,15,0,0,0,0,0,1
1,0,1,0,0,0,3,0,0,4.21665136332403,0,0.488888888888889,0,0,0.0,0,0,0,0,0,0,0,0,1
1,1,0,0,0,0,2,0,0,4.17950445006135,0,0.352941176470588,0,0,0.0,14,3,0,0,1,0,0,0,1
0,0,0,0,0,0,3,0,0,4.86516373401525,0,0.0634328358208955,0,0,0.0064516129032258,0,0,87,0,0,2,1,0,1
1,0,0,0,0,0,2,0,0,4.26457837390238,0,0.571428571428571,0,0,0.0,0,0,3,0,0,0,0,0,1
1,0,0,0,0,0,4,0,0,4.56846791358203,0,0.261538461538462,0,0,0.0,0,0,29,0,0,0,0,0,1
1,0,0,0,0,0,3,0,0,3.99872805737061,0,0.465116279069767,0,0,0.0,0,0,0,0,1,0,0,0,1
0,0,0,0,0,0,4,0,0,4.29461867951159,0,0.411764705882353,0,0,0.0181818181818181,0,0,0,0,0,0,0,0,1
0,0,0,0,0,0,15,0,0,4.99956790994632,0,0.0836501901140684,0,0,0.0482758620689655,0,0,62,0,1,10,2,0,1
1,0,0,0,0,0,2,1,0,4.12587114612314,0,0.428571428571429,0,0,0.0769230769230769,0,0,1,0,1,0,0,0,1
0,1,0,0,0,0,3,0,0,4.22968398521644,0,0.359375,0,0,0.0,0,0,0,0,1,0,0,0,1
1,0,0,0,0,0,4,0,0,3.95135793979861,0,0.490196078431373,0,0,0.0,0,0,0,0,1,0,0,0,1
1,0,0,0,0,0,2,0,0,4.34131004053373,0,0.533333333333333,0,0,0.0303030303030303,0,0,2,0,1,0,0,0,1
1,0,0,0,0,0,4,0,0,4.57146996929343,0,0.25,0,0,0.0789473684210526,0,0,8,0,0,0,0,0,1
0,0,0,0,0,0,3,0,0,4.81789527848347,0,0.348837209302326,0,0,0.0,0,0,22,0,0,0,0,0,1
0,0,0,0,0,0,3,0,0,4.10512428552346,0,0.551724137931035,0,0,0.0,0,0,0,0,0,0,0,0,1
1,0,0,0,0,0,3,0,0,4.11406620311596,0,0.567567567567568,0,0,0.0,0,0,0,0,0,0,0,0,1
1,1,0,1,0,0,2,0,0,4.04803363038468,0,0.521739130434783,0,0,0.0,0,0,0,0,1,0,0,0,1
0,0,0,0,0,0,4,0,0,4.46667914034173,0,0.170731707317073,1,0,0.0,0,0,0,0,0,0,1,0,1
1,0,0,0,0,0,3,0,0,4.08108190087206,0,0.333333333333333,0,0,0.0512820512820512,0,0,0,0,0,0,0,0,1
1,0,0,0,0,0,4,0,0,5.76424829899385,0,0.131782945736434,0,0,0.781818181818182,0,0,49,0,1,0,1,0,1
0,0,0,0,0,0,3,0,0,4.33860117038091,0,0.469387755102041,0,0,0.0,0,0,0,0,1,0,1,0,1
1,0,0,0,0,0,3,0,0,3.93807389473787,0,0.368421052631579,0,0,0.0,0,0,0,0,1,0,0,0,1
1,0,0,0,0,0,3,0,0,5.92813926640765,0,0.148648648648649,0,0,1.2962962962963,0,0,21,0,0,0,1,0,1
1,0,0,0,0,0,4,0,0,4.38150306761736,0,0.491228070175439,0,0,0.0,0,0,1,0,0,0,0,0,1
0,0,0,0,0,0,2,0,0,4.28397092601639,0,0.452830188679245,0,0,0.0,0,0,0,0,1,0,0,0,1
1,0,0,0,0,0,4,0,0,4.35463943196531,1,0.390243902439024,0,0,0.0,0,0,9,0,0,0,0,0,1
1,0,0,0,0,0,3,0,0,4.38346518960165,0,0.72,0,0,0.0,0,0,6,0,0,0,0,0,1
1,1,0,0,0,0,3,0,0,4.37108714917885,0,0.648648648648649,0,0,0.0,157,11,2,0,1,0,0,0,1
1,0,0,0,0,0,2,1,0,3.7080933915775,0,0.483870967741936,0,0,0.315789473684211,0,0,0,0,1,0,0,0,1
0,0,0,0,0,1,6,0,0,5.07660567569284,0,0.136094674556213,0,0,0.05,0,0,42,0,0,1,1,0,1
0,1,0,1,0,0,3,0,0,4.13248146690928,0,0.428571428571429,0,0,0.0,0,1062,0,0,1,0,0,0,1
0,0,0,0,0,0,3,0,0,4.21281143653396,0,0.138211382113821,0,0,0.0196078431372549,0,0,2,0,0,0,0,1,1
1,1,0,0,0,0,2,0,0,3.98989809546429,0,0.566666666666667,0,0,0.0,0,3,2,0,1,0,0,0,1
0,0,0,0,0,0,3,0,0,5.5326902554708,0,0.0875912408759124,0,0,0.273809523809524,0,0,15,0,0,0,1,0,1
0,0,0,0,0,0,3,0,0,4.24545302922131,0,0.346938775510204,0,0,0.0526315789473684,0,0,0,0,0,0,0,0,1
1,0,0,0,0,0,3,0,0,4.65744665118647,0,0.2625,0,0,0.0,0,0,16,0,0,0,0,0,1
0,0,0,0,0,0,4,0,0,4.29199304578217,0,0.633333333333333,0,0,0.0,0,0,1,0,0,0,0,0,1
0,0,0,0,0,0,3,0,0,4.3386839997042,0,0.440677966101695,0,0,0.0416666666666666,0,0,0,0,1,0,0,0,1
1,0,0,0,0,0,3,0,0,3.88204882778696,0,0.5625,0,0,0.0,0,0,0,0,0,0,0,0,1
0,0,0,0,0,0,5,0,0,4.53417732066744,0,0.32,0,0,0.0769230769230769,0,0,9,0,0,0,1,0,1
1,0,0,0,0,0,4,0,0,4.91303548929844,0,0.233766233766234,0,0,0.422222222222222,0,0,0,0,0,0,0,0,1
1,0,0,0,0,0,5,0,0,3.80144573217181,0,0.58974358974359,0,0,0.0,0,0,19,0,0,0,0,0,1
1,0,0,0,0,0,4,0,0,4.11016965541349,0,0.23943661971831,0,0,0.0,0,0,1,0,0,0,0,0,1
0,0,0,0,0,0,3,0,0,4.79339641223592,0,0.188524590163934,0,0,0.0,0,0,39,0,0,0,1,0,1
0,0,0,0,0,0,3,0,0,4.06182209277054,0,0.348837209302326,0,0,0.0,0,0,0,0,0,0,0,0,1
1,1,0,0,0,0,2,0,0,4.16123965847871,0,0.354166666666667,0,0,0.0,29,2,0,0,1,0,0,0,1
0,0,0,0,0,0,3,0,0,4.54379702716735,0,0.229508196721311,0,0,0.0,0,0,4,0,0,1,1,0,1
0,0,0,0,0,0,3,0,0,4.11020693173857,0,0.309090909090909,0,0,0.0232558139534883,0,0,0,0,0,0,0,0,1
0,0,0,0,0,0,3,0,0,4.02844515943123,0,0.542857142857143,0,0,0.0,0,0,0,0,0,0,0,0,1
1,0,0,0,0,0,2,0,0,4.00226808444084,0,0.741935483870968,0,0,0.0,0,0,0,0,0,0,0,0,1
0,0,0,0,0,0,3,0,0,4.24024000042704,0,0.42,0,0,0.081081081081081,0,0,0,0,0,0,0,0,1
1,0,0,0,0,0,2,0,0,4.00704882778696,0,0.53125,0,0,0.0,0,0,2,0,1,0,0,0,1
0,0,0,0,0,0,6,0,0,5.45555314539568,0,0.0622222222222222,0,0,0.206349206349206,0,0,52,0,1,0,2,2,1
1,0,0,0,0,0,2,0,0,4.11471801682134,0,0.6,0,0,0.0,0,0,3,0,1,0,0,0,1
1,0,0,0,0,0,4,0,0,3.63350599497837,0,0.758620689655172,0,0,0.0,0,0,14,0,0,0,0,0,1
0,0,0,0,0,0,3,0,0,4.4153115322251,0,0.45,0,0,0.0,0,0,5,0,0,0,1,0,1
0,0,0,0,0,0,4,0,0,4.88157840338307,0,0.172043010752688,0,0,0.0333333333333333,0,0,17,0,0,0,1,0,1
1,0,0,0,0,0,4,0,0,4.41431905708248,0,0.180555555555556,0,0,0.0,0,0,1,0,1,0,1,0,1
1,0,0,0,0,0,2,0,0,4.06439224830945,0,0.609756097560976,0,0,0.0,0,0,0,0,1,0,0,0,1
1,0,0,0,0,0,3,0,0,3.96813906222957,0,0.59375,0,0,0.0,0,0,3,0,1,0,0,0,1
0,0,0,0,0,0,4,0,0,3.87254165800963,0,0.421052631578947,0,0,0.0,0,0,0,0,0,0,0,0,1
1,1,0,0,0,0,2,0,0,4.38418371977919,0,0.55,0,1,0.0,1,13,1,0,1,0,0,0,1
1,0,0,0,0,0,2,0,0,3.9908683555108,0,0.764705882352941,0,0,0.0,0,0,0,0,0,0,0,0,1
1,0,0,0,0,0,2,0,0,4.1422952191909,0,0.448275862068966,0,0,0.0,0,0,1,0,1,0,0,0,1
1,0,1,0,0,0,5,0,0,4.11786102974989,0,0.5,0,0,0.0769230769230769,0,0,13,0,0,0,0,0,1
1,0,0,0,0,0,2,0,0,4.09313906222957,0,0.5625,0,0,0.0,0,0,2,0,1,0,0,0,1
1,0,0,0,0,0,2,0,0,4.24855361008233,0,0.173553719008264,0,0,0.897435897435898,0,0,1,0,1,0,0,0,1
1,0,0,0,0,0,3,0,0,4.50484502726184,0,0.238805970149254,0,0,0.0384615384615384,0,0,1,0,0,0,0,0,1
0,0,0,0,0,0,3,0,0,4.33419819450945,0,0.322033898305085,0,0,0.0,0,0,0,0,0,0,1,0,1
0,0,0,0,0,1,3,0,0,4.18581570915303,0,0.409090909090909,0,0,0.0,0,0,0,0,1,0,0,0,1
1,0,0,0,0,0,2,0,0,4.0179179007621,0,0.441176470588235,0,0,0.0,0,0,0,0,0,0,0,0,1
0,0,0,0,0,0,2,0,0,4.09596863157997,0,0.5,0,0,0.0,0,0,0,0,0,0,0,0,1
0,0,0,0,0,0,3,0,0,3.84427336727877,0,0.277777777777778,0,0,0.0,0,0,1,0,0,0,0,0,1
0,0,0,0,0,0,3,0,0,4.34657988528526,0,0.202702702702703,0,0,0.0333333333333333,0,0,0,0,0,0,0,0,1
1,0,0,0,0,0,2,0,0,3.57366068968818,0,0.48,0,0,0.0,0,0,0,0,0,0,0,0,1
1,0,0,0,0,0,3,0,0,4.33866328484205,0,0.560975609756098,0,0,0.0,0,0,6,0,0,0,0,0,1
0,0,0,0,0,0,3,0,0,4.44305360304005,0,0.5,0,0,0.0,0,0,0,0,0,0,0,0,1
1,0,0,0,0,0,2,0,0,4.35912652631682,0,0.631578947368421,0,0,0.0,0,0,3,0,0,0,0,0,1
1,0,0,0,0,0,4,0,0,4.14152406858952,0,0.384615384615385,0,0,0.0185185185185185,0,0,0,0,0,0,0,0,1
1,0,0,0,0,0,2,0,0,4.038499898783,0,0.512820512820513,0,0,0.0,0,0,0,0,1,0,0,0,1
1,0,0,0,0,1,2,0,0,3.94546495249511,0,0.515151515151515,0,0,0.0,0,0,0,0,1,0,0,0,1
1,0,0,0,0,1,2,0,0,4.41175810526418,0,0.657894736842105,0,0,0.0,0,0,2,0,1,0,0,0,1
0,0,0,0,0,0,4,0,0,4.29343014612183,0,0.253731343283582,0,0,0.0,0,0,0,0,1,0,0,0,1
1,0,0,0,0,0,2,0,0,4.85949184168643,0,0.216867469879518,0,0,0.0,0,0,21,0,1,0,0,0,1
1,0,0,0,0,0,3,0,0,3.91668919603759,0,0.478260869565217,0,0,0.0,0,0,0,0,0,0,0,0,1
1,1,0,1,0,0,4,0,0,4.45789728269444,0,0.338461538461539,0,0,0.0192307692307692,0,13,0,0,0,0,0,0,1
1,0,0,0,0,0,3,0,0,4.20743551675953,0,0.428571428571429,0,0,0.0,0,0,2,0,0,0,0,0,1
1,0,0,0,0,0,4,0,0,4.60836156296271,0,0.327102803738318,0,0,0.0135135135135135,0,0,17,0,1,0,0,0,1
1,0,0,0,0,0,7,0,0,4.13991122145001,0,0.2625,0,0,0.0,0,0,0,0,0,0,0,0,1
0,0,0,0,0,0,3,0,0,3.97464797581702,0,0.435897435897436,0,0,0.0,0,0,0,0,0,0,0,0,1
1,0,0,0,0,1,3,0,0,4.15549804083408,0,0.682926829268293,0,0,0.0,0,0,5,0,1,0,0,0,1
1,0,0,0,0,0,2,0,0,4.25123532973498,0,0.578947368421053,0,0,0.0,0,0,0,0,1,0,0,0,1
1,0,0,0,0,0,3,0,0,3.92767169089326,0,0.567567567567568,0,0,0.0,0,0,3,0,1,0,0,0,1
1,0,0,0,0,0,2,0,0,4.8207035769469,0,0.152380952380952,0,0,0.0,0,0,19,0,0,0,0,0,1
1,0,0,0,0,0,3,0,0,4.66002161752353,0,0.338709677419355,0,0,0.0212765957446808,0,0,1,0,0,1,1,0,1
0,0,0,0,0,0,3,0,0,4.25791984871309,0,0.255813953488372,0,0,0.0,0,0,1,0,0,0,1,0,1
1,0,0,0,0,0,2,0,0,3.53194120554666,0,0.555555555555556,0,0,0.0,0,0,0,0,0,0,0,0,1
1,0,0,0,0,0,5,0,0,4.66953920568132,0,0.354838709677419,0,0,0.136363636363636,0,0,0,0,0,0,0,0,1
1,0,0,0,0,0,4,0,0,4.75169000782023,0,0.186440677966102,0,0,0.0898876404494382,0,0,0,0,1,2,1,0,1
0,0,0,0,0,0,2,0,0,4.15306229766067,0,0.439024390243902,0,0,0.032258064516129,0,0,0,0,0,0,0,0,1
1,0,0,0,0,0,2,0,0,4.02085512047121,0,0.705882352941177,0,0,0.0,0,0,0,0,0,0,0,0,1
0,0,0,1,0,0,2,0,0,4.73896372563172,0,0.164835164835165,0,0,0.0,0,0,19,0,1,0,0,0,1
1,0,0,0,0,0,3,0,0,4.02602985170128,0,0.595238095238095,0,0,0.0,0,0,0,0,0,0,0,0,1
1,0,0,0,0,0,2,0,0,4.36560156295072,0,0.458333333333333,0,0,0.0263157894736842,0,0,0,0,0,0,0,0,1
0,0,0,0,0,0,3,0,0,3.88100548805464,0,0.529411764705882,0,0,0.0,0,0,0,0,0,0,0,0,1
0,0,0,0,0,0,4,0,0,4.36272519835396,0,0.262295081967213,0,0,0.0408163265306122,0,0,0,0,0,0,0,0,1
1,0,0,0,0,0,2,0,0,4.00674991863878,0,0.5,0,0,0.0,0,0,0,0,0,0,0,0,1
1,0,0,0,0,0,6,0,0,4.35533779740342,0,0.40625,0,0,0.0,0,0,1,0,0,0,0,0,1
0,0,0,0,0,0,2,0,0,4.72941207728124,0,0.308641975308642,0,0,0.0,0,0,20,0,0,0,0,0,1
1,0,0,0,0,0,7,0,0,5.88530331716477,0,0.129139072847682,0,0,0.435064935064935,0,0,42,0,0,6,1,0,1
1,0,0,0,0,0,4,0,0,3.74540642593825,0,0.758620689655172,0,0,0.0,0,0,14,0,0,0,0,0,1
1,1,0,0,0,0,2,0,0,4.38418371977919,0,0.55,0,1,0.0,1,13,1,0,1,0,0,0,1
1,0,0,0,0,0,2,0,0,4.25500224946789,0,0.412698412698413,0,0,0.0,0,0,0,0,0,0,0,0,1
0,0,0,0,0,0,6,0,0,4.08832345717497,0,0.162162162162162,0,0,0.0,0,0,0,0,0,0,0,0,1
0,0,0,0,0,0,3,0,0,4.31910083199789,0,0.490196078431373,0,0,0.0,0,0,0,0,0,0,0,0,1
1,0,0,0,0,0,4,0,0,4.23352185206455,0,0.470588235294118,0,0,0.0512820512820512,0,0,1,0,0,0,0,0,1
1,0,0,0,0,0,2,0,0,4.07391321234758,0,0.487804878048781,0,0,0.032258064516129,0,0,0,0,1,0,0,0,1
0,0,0,0,0,0,3,0,0,4.49683461337305,0,0.233333333333333,0,0,0.0,0,0,3,0,0,1,1,0,1
1,1,0,1,0,0,2,0,0,4.13924145889565,0,0.404761904761905,0,0,0.0,3,1,0,0,1,0,0,0,1
0,0,0,0,0,0,3,0,0,4.38152783778631,0,0.442857142857143,0,0,0.0169491525423728,0,0,0,0,0,0,0,0,1
0,0,0,1,0,0,2,0,0,4.53601005874892,0,0.217391304347826,0,0,0.0,6,14,19,0,1,0,0,0,1
1,0,0,0,0,0,2,0,0,3.9647351787255,0,0.533333333333333,0,0,0.0,0,0,0,0,0,0,0,0,1
1,0,0,0,0,0,2,0,0,4.8407591336452,0,0.339622641509434,0,0,0.32258064516129,0,0,4,0,0,0,1,0,1
0,0,0,0,0,0,3,0,0,4.29281269824756,0,0.360655737704918,0,0,0.0,0,0,0,0,1,0,0,0,1
1,0,0,0,0,0,3,0,0,4.25316316109914,0,0.5,0,0,0.0,0,0,0,0,1,0,0,0,1
0,0,0,0,0,0,3,0,0,4.18729268018211,0,0.328125,0,0,0.0,0,0,0,0,1,0,1,0,1
1,0,0,0,0,0,6,0,0,4.25850659863639,0,0.168421052631579,0,0,0.0,0,0,0,0,0,0,1,0,1
1,0,0,0,0,1,2,0,0,4.23909791798879,0,0.611111111111111,0,0,0.0,0,0,1,0,1,0,0,0,1
1,0,0,0,0,0,2,0,0,4.33817193947184,0,0.36,0,0,0.0857142857142857,0,0,2,0,0,0,0,1,1
0,0,0,0,0,0,3,0,0,3.9398290174664,0,0.5,0,0,0.0,0,0,0,0,0,0,0,0,1
0,0,0,0,0,0,3,0,0,3.95118212408462,0,0.388888888888889,0,0,0.0,0,0,0,0,1,0,0,0,1
0,0,0,0,0,0,16,0,0,5.08804131256821,0,0.0648464163822525,1,0,0.0350877192982456,0,0,64,0,1,10,2,0,1
0,0,0,0,0,0,3,0,0,4.05030185543498,0,0.447368421052632,0,0,0.0,0,0,2,0,1,0,0,0,1
0,0,0,0,0,0,4,0,0,4.36572636339209,0,0.734939759036145,0,0,0.0,0,0,3,0,0,0,0,0,1
1,0,0,0,0,0,5,0,0,4.33028053185343,0,0.456140350877193,0,0,0.0227272727272727,0,0,1,0,1,0,0,0,1
1,0,0,0,0,1,10,0,0,5.6762608620784,0,0.0312035661218424,0,0,0.991379310344828,0,0,130,0,1,9,1,28,1
1,0,0,0,0,0,3,0,0,3.82144194520733,0,0.571428571428571,0,0,0.0,0,0,2,0,0,0,0,0,1
1,0,0,0,0,0,4,0,0,5.11482269084682,0,0.123809523809524,0,0,0.140740740740741,0,0,12,0,0,10,1,0,1
1,0,0,0,0,0,2,0,0,5.01536414716147,0,0.131944444444444,0,0,0.0,0,0,30,0,0,2,1,0,1
0,0,0,0,0,0,5,0,0,3.8828142771034,0,0.5,0,0,0.0,0,0,12,0,0,0,0,0,1
1,0,0,0,0,0,3,0,0,4.21121627186178,0,0.333333333333333,0,0,0.0,0,0,0,0,1,0,0,0,1
0,0,0,0,0,0,4,0,0,4.7105826708181,0,0.191489361702128,0,0,0.0,0,0,12,0,1,0,1,0,1
1,0,0,0,0,0,2,0,0,4.05182177080805,0,0.454545454545455,0,0,0.0,0,0,0,0,0,0,0,0,1
0,0,0,0,0,0,4,0,0,4.39551208359986,0,0.39344262295082,0,0,0.0,0,0,0,0,0,0,1,0,1
0,0,0,0,0,0,15,0,0,5.04730504976199,0,0.0598290598290598,1,0,0.0534351145038167,0,0,51,0,1,9,1,0,1
1,0,0,0,0,0,2,0,0,3.74540642593825,0,0.448275862068966,0,0,0.0,0,0,0,0,0,0,0,0,1
1,0,0,0,0,0,2,0,0,4.17922929667217,0,0.75,0,0,0.0,0,0,0,0,0,0,0,0,1
1,0,0,0,0,0,4,0,0,4.58238268953691,0,0.519230769230769,0,0,0.151515151515152,0,0,4,0,0,0,0,0,1
1,0,0,0,0,1,2,0,0,3.89286476669128,0,0.638888888888889,0,0,0.0,0,0,1,0,0,0,0,0,1
1,0,0,0,0,0,2,0,0,4.05084881384805,0,0.306122448979592,0,0,0.0,0,0,0,0,0,0,0,0,1
1,0,0,0,0,0,4,0,58,3.85267619742638,0,0.342105263157895,0,0,0.0,0,0,0,0,1,0,0,0,1
1,0,0,0,0,0,4,0,59,4.38138536377468,0,0.352941176470588,0,0,0.0566037735849056,0,0,3,0,0,0,0,0,1
1,0,0,0,0,0,3,0,20,5.00442120080131,0,0.138613861386139,0,0,0.0555555555555555,0,0,29,0,0,0,1,0,1
1,0,0,0,0,0,3,0,41,3.44441382957761,0,0.733333333333333,0,0,0.0,0,0,0,0,0,0,0,0,1
1,0,0,0,0,0,3,0,26,4.92706556022644,0,0.298701298701299,0,0,0.270833333333333,0,0,2,0,0,0,1,0,1
1,0,0,0,0,0,2,0,73,4.16489659289913,0,0.627906976744186,0,0,0.0,0,0,2,0,1,0,0,0,1
0,0,0,0,0,0,4,0,25,4.48524327755577,0,0.226666666666667,1,0,0.0,0,0,0,7,0,0,1,0,1
1,0,0,0,0,1,2,1,36,4.52101360432846,0,0.407407407407407,0,0,0.421052631578947,0,0,20,0,0,0,0,0,1
0,0,0,0,0,0,8,0,0,4.78166652968104,0,0.571428571428571,0,0,0.0,0,0,34,0,0,0,0,0,1
1,0,0,0,0,0,3,0,0,4.18701937553904,0,0.276595744680851,0,0,0.0,0,0,0,0,0,0,0,0,1
0,0,0,0,0,0,3,0,0,4.3971784731862,0,0.339622641509434,0,0,0.0,0,0,1,0,0,0,1,0,1
1,0,0,0,0,0,2,0,0,4.07781953111478,0,0.5,0,0,0.0,0,0,3,0,0,0,0,0,1
1,0,0,0,0,0,2,0,0,3.91211389097223,0,0.444444444444444,0,0,0.0,0,0,0,0,1,0,0,0,1
1,0,0,0,0,0,2,0,0,4.20519010860909,0,0.39344262295082,0,0,0.02,0,0,0,0,1,0,0,0,1
0,0,0,0,0,0,3,0,0,4.52123499619125,0,0.382352941176471,0,0,0.0,0,0,1,0,1,0,1,0,1
1,0,0,0,0,0,4,0,0,4.41058164979857,0,0.25,0,0,0.0,0,0,34,0,0,0,0,0,1
1,0,0,0,0,0,5,0,0,4.66793090795234,0,0.3125,0,0,0.0,0,0,15,0,1,0,0,0,1
0,0,0,0,0,0,3,0,0,4.12994718447748,0,0.452380952380952,0,0,0.0,0,0,0,0,1,0,0,0,1
1,0,0,0,0,0,3,0,0,4.09490661824394,0,0.545454545454545,0,0,0.0,0,0,0,0,0,0,0,0,1
0,0,0,0,0,0,4,0,0,4.56507951503072,0,0.222222222222222,1,0,0.0,0,0,3,0,0,0,1,0,1
1,0,0,0,0,0,2,0,0,3.96203159105945,0,0.558823529411765,0,0,0.0,0,0,3,0,0,0,0,0,1
0,0,0,0,0,0,4,0,0,5.2631568185025,0,0.111111111111111,0,0,0.539473684210526,0,0,4,0,0,2,1,0,1
1,0,0,0,0,0,3,0,0,4.08267318468309,0,0.674418604651163,0,0,0.0285714285714285,0,0,0,0,0,0,0,0,1
1,0,0,0,0,0,3,0,0,4.58996806023592,0,0.380952380952381,0,0,0.0178571428571428,0,0,19,0,0,0,0,0,1
1,1,0,1,0,0,2,0,0,4.04971532075848,0,0.319148936170213,0,0,0.0,43,0,0,0,1,0,0,0,1
1,0,0,0,0,0,5,0,0,4.16950874467546,0,0.34375,0,0,0.0,0,0,1,0,1,0,0,0,1
0,0,0,0,0,0,3,0,0,4.43795681885739,0,0.240506329113924,0,0,0.0634920634920634,0,0,0,0,1,0,0,0,1
0,0,0,0,0,0,3,0,0,4.42303299918076,0,0.255813953488372,0,0,0.0,0,0,0,0,1,0,0,0,1
1,0,0,0,0,0,2,0,0,4.39148951410218,0,0.567567567567568,0,0,0.0,0,0,3,0,0,0,0,0,1
0,0,0,0,0,0,15,0,0,5.00325808097397,0,0.0588235294117647,0,0,0.046875,0,0,74,0,0,12,2,0,1
0,1,0,0,0,0,3,0,0,4.69134255104443,0,0.242105263157895,0,0,0.0,0,0,18,0,1,0,0,0,1
1,0,0,0,0,0,2,0,0,3.30869496956284,0,0.6,0,0,0.0,0,0,0,0,1,0,0,0,1
1,0,0,0,0,0,2,0,0,3.98635436026271,0,0.395348837209302,0,0,0.0,0,0,0,0,0,0,0,0,1
0,1,0,1,0,0,2,0,0,4.70760812583051,0,0.217391304347826,0,0,0.0,0,147,19,0,1,0,0,0,1
0,0,0,0,0,0,2,0,0,4.70194759558348,0,0.270588235294118,0,0,0.0,0,0,19,0,0,0,0,0,1
0,0,0,0,0,0,3,0,0,4.36317287153566,0,0.440677966101695,0,0,0.0,0,0,0,0,0,0,1,0,1
1,0,0,0,0,1,2,0,0,4.39291274505701,0,0.145161290322581,0,0,0.0,0,0,8,0,1,0,0,0,1
1,0,0,0,0,0,3,0,0,4.18367981279358,0,0.338983050847458,0,0,0.0,0,0,0,0,1,0,0,0,1
1,0,0,0,0,0,2,0,0,4.22839097447258,0,0.277777777777778,0,0,0.0,0,0,0,0,1,0,0,0,1
0,0,0,0,0,0,3,0,0,4.52998170710425,0,0.311111111111111,0,0,0.0625,0,0,2,0,0,0,1,0,1
1,0,0,0,0,0,2,0,0,4.78507635799596,0,0.253333333333333,0,0,0.104166666666667,0,0,10,0,1,0,0,0,1
1,1,0,0,0,0,2,0,0,4.03820538203041,0,0.393939393939394,0,0,0.0,0,0,0,0,1,0,0,0,1
1,0,0,0,0,0,3,0,0,4.19643934467102,0,0.8,0,0,0.0,0,0,5,0,1,0,0,0,1
0,0,0,0,0,0,3,0,0,4.77117933034077,0,0.0686274509803921,0,0,0.0,0,0,68,0,0,2,1,0,1
0,0,0,0,0,0,4,0,0,4.51907541537274,0,0.666666666666667,0,0,0.0,0,0,4,0,0,0,0,0,1
1,0,0,0,0,0,4,0,0,4.13296507371457,0,0.454545454545455,0,0,0.0,0,0,0,0,0,0,0,0,1
1,0,0,0,0,0,3,0,0,4.03637224983023,0,0.631578947368421,0,0,0.0,0,0,0,0,1,0,0,0,1
1,0,0,0,0,0,3,0,0,3.80137745242955,0,0.545454545454545,0,0,0.0,0,0,0,0,0,0,0,0,1
1,0,0,0,0,0,4,0,0,4.57594048315228,0,0.191780821917808,0,0,0.0,0,0,3,0,1,0,1,0,1
0,0,0,0,0,0,4,0,0,3.97544096805849,0,0.428571428571429,0,0,0.0,0,0,0,0,1,0,0,0,1
1,0,0,0,0,0,2,1,0,3.84922391239063,0,0.434782608695652,0,0,0.153846153846154,0,0,2,0,0,0,0,0,1
1,0,0,0,0,0,3,0,0,3.99070547368524,0,0.342105263157895,0,0,0.0344827586206896,0,0,0,0,1,0,0,0,1
1,0,0,0,0,0,4,0,0,5.1264099574395,0,0.225988700564972,0,0,0.181818181818182,0,0,6,0,0,8,1,0,1
1,1,0,1,0,0,2,1,0,3.99468036840891,0,0.321428571428571,0,0,0.0625,104,156,5,0,1,0,0,0,1
1,0,0,0,0,0,4,0,0,4.51856293964492,0,0.34,0,0,0.0,0,0,10,0,1,0,0,0,1
1,1,0,1,0,1,3,0,0,4.22398182058091,0,0.32,0,0,0.0256410256410256,2,0,0,0,1,0,0,0,1
1,0,0,0,0,0,4,0,0,4.85560408269085,0,0.301204819277108,0,0,0.0217391304347826,0,0,24,0,1,0,0,0,1
1,0,0,0,0,1,2,0,0,4.1471140520432,0,0.483870967741936,0,0,0.0,0,0,2,0,1,0,0,0,1
1,0,1,0,0,1,6,0,0,4.5290786642591,0,0.25,0,0,0.0,0,0,8,0,1,0,0,0,1
1,0,0,0,0,0,2,0,0,4.71651368852238,0,0.242857142857143,0,0,0.0,0,0,21,0,0,0,0,0,1
1,0,0,0,0,0,2,0,0,3.60693673217532,0,0.681818181818182,0,0,0.0,0,0,4,0,0,0,0,0,1
1,0,0,0,0,0,2,0,0,4.39425125726831,0,0.358974358974359,0,0,0.0,0,0,2,0,1,0,1,0,1
1,0,0,0,0,0,3,0,0,4.77537657910936,0,0.128787878787879,0,0,0.072463768115942,0,0,36,0,0,0,0,0,1
1,0,0,0,0,0,4,0,0,4.7726423658312,0,0.211267605633803,0,0,0.0526315789473684,0,0,17,0,0,0,0,1,1
1,0,0,0,0,0,2,0,0,4.56486763387556,0,0.53125,0,0,0.0,0,0,5,0,0,0,0,0,1
1,1,0,0,0,0,2,0,0,4.12165352243933,0,0.458333333333333,0,0,0.0,15,5,0,0,1,0,0,0,1
1,0,0,0,0,0,4,0,0,4.05757515967848,0,0.485714285714286,0,0,0.0,0,0,0,0,0,0,0,0,1
1,0,0,0,0,1,14,0,0,5.62984150993774,0,0.025735294117647,0,0,0.881040892193309,0,0,198,0,1,9,1,47,1
0,0,0,0,0,0,3,0,0,4.25793582261037,0,0.450980392156863,0,0,0.0,0,0,0,0,0,0,0,0,1
1,0,0,0,0,0,2,0,0,4.19032492864168,0,0.43421052631579,0,0,0.0,0,0,0,0,0,0,0,0,1
1,0,0,0,0,0,2,0,0,3.99394270791827,0,0.525,0,0,0.0,0,0,0,0,0,0,0,0,1
1,0,0,0,0,0,2,0,0,4.09811781214885,0,0.513513513513514,0,0,0.0,0,0,3,0,0,0,0,0,1
1,0,0,0,0,0,2,0,0,3.94740150470592,0,0.318181818181818,0,0,0.0,0,0,0,0,1,0,0,0,1
0,0,0,0,0,0,3,0,0,4.24374820381094,0,0.542857142857143,0,0,0.0169491525423728,0,0,0,0,0,0,0,0,1
1,0,0,0,0,0,5,0,0,4.24484435539366,0,0.433333333333333,0,0,0.0,0,0,0,0,1,0,0,0,1
1,0,0,0,0,0,3,0,0,4.10732504024527,0,0.533333333333333,0,0,0.0,0,0,0,0,0,0,0,0,1
1,0,0,0,0,0,2,0,0,4.01790008963339,0,0.545454545454545,0,0,0.0,0,0,0,0,1,0,0,0,1
0,0,0,0,0,0,3,0,0,4.19765685282906,0,0.422222222222222,0,0,0.0,0,0,0,0,0,0,0,0,1
0,0,0,0,0,0,5,0,0,4.03732614525601,0,0.45,0,0,0.0,0,0,11,0,0,0,0,0,1
0,0,0,0,0,0,4,0,0,4.20836743955838,0,0.58,0,0,0.0,0,0,0,0,1,0,0,0,1
1,0,0,0,0,1,2,0,0,3.58759863372235,0,0.612903225806452,0,0,0.0,0,0,0,0,0,0,0,0,1
1,0,0,0,0,0,4,0,0,4.04697420724848,0,0.377777777777778,0,0,0.0,0,0,0,0,0,0,0,0,1
0,0,0,0,0,0,3,0,0,4.25750041350207,0,0.41304347826087,0,0,0.0,0,0,0,0,0,0,1,0,1
1,0,0,0,0,0,3,0,0,4.07158158812628,0,0.771428571428572,0,0,0.0,0,0,0,0,0,0,0,0,1
1,0,0,0,0,0,2,0,0,3.80871969734407,0,0.516129032258065,0,0,0.0,0,0,7,0,0,0,0,0,1
0,0,0,0,0,0,3,0,0,4.21698228221165,0,0.34375,0,0,0.0,0,0,1,0,0,0,0,0,1
1,0,0,0,0,0,3,0,0,4.24308506175466,0,0.238095238095238,0,0,0.0,0,0,0,0,1,0,0,0,1
0,1,0,0,0,0,3,0,0,4.02376400124246,0,0.202898550724638,0,0,0.0,0,3,0,0,1,0,0,0,1
0,0,0,0,0,0,2,0,0,4.21350226443344,0,0.288888888888889,0,0,0.0,0,0,0,0,0,0,0,0,1
1,0,0,0,0,0,3,0,0,4.36401162952043,0,0.714285714285714,0,0,0.0,0,0,2,0,0,0,0,0,1
0,0,0,0,0,0,4,0,0,4.06455140924283,0,0.529411764705882,0,0,0.0,0,0,0,0,0,0,0,0,1
1,1,0,1,0,0,2,0,0,4.347183568256,0,0.444444444444444,0,0,0.073170731707317,186,10,2,0,1,0,0,1,1
1,0,0,0,0,0,2,0,0,4.16501381606591,0,0.575757575757576,0,0,0.0,0,0,2,0,0,0,0,0,1
1,0,0,0,0,0,3,0,0,4.44179193499968,0,0.275862068965517,0,0,0.0,0,0,4,0,0,0,0,0,1
0,0,1,0,0,0,3,0,0,4.24761226217143,0,0.253521126760563,0,0,0.0,0,0,1,0,0,0,0,0,1
0,1,0,1,0,0,4,0,0,4.49042676849202,0,0.333333333333333,0,0,0.0,2,0,4,0,0,0,0,0,1
0,0,0,0,0,0,4,0,0,4.37591686617266,0,0.4375,0,0,0.0,0,0,12,0,0,0,0,0,1
1,0,0,0,0,0,4,0,0,4.36350128003972,0,0.483333333333333,0,0,0.0,0,0,2,0,1,0,0,0,1
1,0,0,0,0,0,3,0,0,3.8389613181241,0,0.6,0,0,0.0,0,0,2,0,0,0,0,0,1
1,1,0,0,0,1,2,0,0,4.58290051036511,0,0.488372093023256,0,0,0.137931034482759,0,0,4,0,1,0,0,0,1
1,0,0,0,0,0,3,0,0,4.15549804083408,0,0.658536585365854,0,0,0.0,0,0,0,0,1,0,0,0,1
1,0,0,0,0,0,2,0,0,3.98319563424773,0,0.575757575757576,0,0,0.0,0,0,0,0,1,0,0,0,1
1,0,0,0,0,0,3,0,0,3.72944619490526,0,0.652173913043478,0,0,0.0,0,0,0,0,0,0,0,0,1
1,0,0,0,0,0,2,0,0,4.15029265961667,0,0.6,0,0,0.0,0,0,2,0,1,0,0,0,1
0,0,0,0,0,0,3,0,0,4.95290237738097,0,0.226890756302521,0,0,0.0,0,0,16,0,1,0,0,0,1
1,0,0,0,0,0,3,0,0,4.54591452195184,0,0.645833333333333,0,0,0.0606060606060606,0,0,4,0,0,0,0,0,1
1,0,0,0,0,0,2,0,0,3.99313255764786,0,0.277777777777778,0,0,0.0,0,0,0,0,0,0,0,0,1
0,0,0,0,0,0,4,0,0,4.2492553971685,0,0.45,0,0,0.0416666666666666,0,0,0,0,1,0,0,0,1
1,0,0,0,0,0,2,0,0,4.30890319560207,0,0.5,0,0,0.0555555555555555,0,0,0,0,0,0,0,0,1
1,0,0,0,0,0,2,0,0,3.9900172174899,0,0.6,0,0,0.0,0,0,3,0,0,0,0,0,1
0,0,0,0,0,0,4,0,0,4.99036945168483,0,0.295238095238095,0,0,0.0405405405405405,0,0,12,0,0,0,1,0,1
1,0,1,0,0,0,3,0,0,4.31319071124138,0,0.530612244897959,0,0,0.0,0,0,0,0,0,0,0,0,1
1,0,0,0,0,0,4,0,0,3.96583010826174,0,0.288888888888889,0,0,0.0,0,0,0,0,1,0,1,0,1
1,0,0,0,0,0,3,0,0,4.62126794693938,0,0.345238095238095,0,0,0.0,0,0,23,0,0,0,0,0,1
1,0,0,0,0,0,2,0,0,4.15563906222957,0,0.53125,0,0,0.0,0,0,3,0,1,0,0,0,1
1,0,0,0,0,0,2,0,0,4.41120441892766,0,0.377777777777778,0,0,0.0,0,0,3,0,0,0,1,0,1
1,0,0,0,0,0,2,0,0,4.33455773913752,0,0.263157894736842,0,0,0.0,0,0,0,0,1,0,0,0,1
1,0,0,0,0,0,3,0,0,4.28253509062773,0,0.375,0,0,0.0,0,0,0,0,0,0,0,0,1
0,0,0,0,0,0,3,0,0,4.32701789338371,0,0.297297297297297,0,0,0.0172413793103448,0,0,0,0,0,0,0,0,1
0,0,0,0,0,0,2,0,0,4.35285169248508,0,0.313432835820896,0,0,0.0,0,0,1,0,0,0,1,0,1
1,0,0,0,0,0,6,0,0,4.49002947161557,0,0.0766666666666666,0,0,0.0,0,0,21,0,0,0,0,3,1
0,0,0,0,0,0,3,0,0,4.64398516214264,0,0.203703703703704,0,0,0.0232558139534883,0,0,5,0,1,0,1,0,1
1,0,0,0,0,0,4,0,0,3.74115585563807,0,0.705882352941177,0,0,0.0,0,0,18,0,0,0,0,0,1
0,1,0,0,0,0,3,0,0,3.83206724435259,0,0.259259259259259,0,0,0.0,0,3,1,0,1,0,0,0,1
1,1,0,0,0,0,2,0,0,3.70346518960165,0,0.52,0,0,0.0,4,0,1,0,1,0,0,0,1
1,0,0,0,0,0,2,0,0,4.21812882070647,0,0.555555555555556,0,0,0.0,0,0,7,0,0,0,0,0,1
1,0,0,0,0,0,4,0,0,4.53418836282033,0,0.318840579710145,0,0,0.0,0,0,6,0,1,0,0,0,1
0,0,0,0,0,0,3,0,0,3.89542387028032,0,0.529411764705882,0,0,0.0,0,0,0,0,0,0,0,0,1
1,0,0,0,0,0,2,0,0,4.16473517872551,0,0.533333333333333,0,0,0.0,0,0,2,0,0,0,0,0,1
1,0,0,0,0,0,4,0,0,4.28088892285306,0,0.423728813559322,0,0,0.0,0,0,0,0,0,0,0,0,1
1,0,0,0,0,0,2,0,0,4.34328944539277,0,0.542857142857143,0,0,0.0,0,0,4,0,0,0,0,0,1
1,1,0,0,0,0,2,0,0,4.0498442347621,0,0.294871794871795,0,1,0.0,1,13,0,0,1,0,0,0,1
1,0,0,0,0,0,3,0,0,4.27756715711693,0,0.7,0,0,0.0,0,0,0,0,0,0,0,0,1
1,0,0,0,0,0,5,0,0,4.7000857068427,0,0.4,0,0,0.0,0,0,5,0,0,0,0,0,1
1,0,0,0,0,0,3,0,0,4.06667707370723,0,0.757575757575758,0,0,0.0,0,0,0,0,0,0,0,0,1
1,0,0,0,0,0,2,0,0,4.03140184539217,0,0.633333333333333,0,0,0.0,0,0,0,0,1,0,0,0,1
1,0,0,0,0,0,2,0,0,3.9642281820589,0,0.41025641025641,0,0,0.0,0,0,0,0,0,0,0,0,1
1,0,0,0,0,0,2,1,0,3.83326968951511,0,0.4,0,0,0.2,0,0,1,0,1,0,0,0,1
1,0,0,0,0,0,2,0,0,4.07967864988298,0,0.529411764705882,0,0,0.0,0,0,2,0,1,0,0,0,1
1,0,0,0,0,0,4,0,0,4.65572392306959,0,0.426470588235294,0,0,0.04,0,0,6,0,1,0,0,0,1
0,0,0,0,0,0,3,0,0,4.46944312255244,0,0.380952380952381,0,0,0.0204081632653061,0,0,0,0,0,0,0,0,1
1,0,0,0,0,0,14,0,0,4.86251479078402,0,0.132183908045977,0,0,2.42857142857143,0,0,6,0,0,0,0,0,1
0,0,0,0,0,0,3,0,0,4.28469219645584,0,0.315068493150685,0,0,0.0,0,0,1,0,0,0,0,0,1
1,0,0,0,0,0,2,0,0,3.99133366178381,0,0.415094339622642,0,0,0.0,0,0,0,0,1,0,0,0,1
1,0,0,0,0,0,2,0,0,4.36609132911919,0,0.5,0,0,0.0,0,0,2,0,0,0,1,0,1
1,1,0,0,0,0,2,0,0,3.99172929667218,0,0.625,0,0,0.0,3,0,0,0,1,0,0,0,1
1,0,0,0,0,0,2,0,0,4.04400336365755,0,0.452380952380952,0,0,0.0,0,0,0,0,0,0,0,0,1
1,0,0,0,0,0,3,0,0,3.81507241011594,0,0.692307692307692,0,0,0.0,0,0,4,0,0,0,0,0,1
1,0,1,0,0,0,3,1,0,4.9175789018235,0,0.169014084507042,0,0,0.222222222222222,0,0,4,0,1,0,1,1,1
1,0,0,0,0,0,2,0,0,4.13105478274292,0,0.58974358974359,0,0,0.0,0,0,0,0,1,0,0,0,1
0,0,0,0,0,0,3,0,28,5.00646878590547,0,0.148514851485149,0,0,0.261538461538462,0,0,1,0,0,0,1,0,1
1,0,0,0,0,0,4,0,0,4.93889114615911,0,0.185185185185185,0,0,0.0839694656488549,0,0,14,0,0,7,1,0,1
1,0,0,0,0,0,6,0,0,5.54326410069304,0,0.069069069069069,0,0,0.182291666666667,0,0,58,0,0,4,1,0,1
0,0,0,0,0,0,16,1,0,5.08381715115345,0,0.0528052805280528,1,0,0.03954802259887,0,0,62,0,1,10,2,0,1
1,0,0,0,0,0,2,0,0,4.36534004957722,0,0.444444444444444,0,0,0.024390243902439,0,0,2,0,1,0,0,0,1
1,0,0,0,0,0,2,0,0,3.68200581476021,0,0.571428571428571,0,0,0.0,0,0,0,0,1,0,0,0,1
1,1,0,0,0,0,2,0,0,4.36659613917685,0,0.292682926829268,0,1,0.0,25,0,4,0,0,0,0,0,1
1,0,0,0,0,0,2,0,0,4.68086371637174,0,0.161764705882353,0,0,0.0,0,0,20,0,0,0,0,0,1
1,0,0,0,0,0,3,1,0,4.297470808273,0,0.794871794871795,0,0,0.0,0,0,2,0,1,0,0,0,1
0,0,0,0,0,0,3,0,0,3.76410629717735,0,0.377777777777778,0,0,0.0,0,0,0,0,0,0,0,0,1
1,0,0,0,0,0,2,0,0,4.06716518977786,0,0.513513513513514,0,0,0.0,0,0,0,0,1,0,0,0,1
1,0,0,0,0,0,5,0,0,5.7678551033758,0,0.0912698412698412,0,0,0.43609022556391,0,0,29,0,0,5,1,0,1
1,0,0,0,0,0,5,0,0,4.46121067232092,0,0.285714285714286,0,0,0.0,0,0,18,0,0,0,0,0,1
0,0,0,0,0,0,3,0,0,4.00774291452531,0,0.318181818181818,0,0,0.0,1,0,0,0,0,0,0,0,1
1,0,0,0,0,0,7,0,0,5.60612444323838,0,0.0348258706467661,0,0,1.16931216931217,0,0,125,0,1,8,1,23,1
1,0,0,0,0,1,2,0,0,3.87466971024535,0,0.611111111111111,0,0,0.0,0,0,0,0,0,0,0,0,1
1,0,0,0,0,0,2,0,0,3.66353275480425,0,0.636363636363636,0,0,0.0,0,0,0,0,0,0,0,0,1
1,0,0,0,0,0,3,0,0,4.59093364447934,0,0.261904761904762,0,0,0.0,0,0,27,0,0,0,0,0,1
0,0,0,0,0,0,5,0,0,4.9434891802448,0,0.333333333333333,0,0,0.130434782608696,0,0,10,0,0,2,1,0,1
0,0,0,0,0,0,3,0,0,4.1964676663855,0,0.262295081967213,0,0,0.0,0,0,1,0,0,0,1,0,1
1,0,0,0,0,0,2,0,0,3.82781953111478,0,0.5,0,0,0.0,0,0,0,0,1,0,0,0,1
1,1,0,1,8,0,6,0,0,4.30361532010576,0,0.25,0,1,0.0,81,4,1,0,0,0,0,0,1
0,0,0,0,0,0,3,0,0,4.32792253990116,0,0.411764705882353,0,0,0.0,0,0,0,0,1,0,0,0,1
1,0,0,0,0,0,2,0,0,3.96813906222957,0,0.75,0,0,0.0,0,0,0,0,0,0,0,0,1
1,0,0,0,0,0,2,0,0,4.12728313431329,0,0.515151515151515,0,0,0.0,0,0,1,0,1,0,0,0,1
1,0,0,0,0,0,2,0,0,4.32184902095506,0,0.481481481481481,0,0,0.0,0,0,5,0,0,0,0,0,1
1,0,1,0,0,0,6,0,0,4.55803872573597,0,0.0934959349593495,0,0,0.0,0,0,12,0,0,0,0,3,1
0,0,0,0,0,0,4,0,0,4.17672583339319,0,0.352941176470588,0,0,0.0,0,0,0,0,1,0,0,0,1
1,0,0,0,0,0,3,0,0,4.1865248562504,0,0.318181818181818,0,0,0.0,0,0,2,0,0,0,0,0,1
1,0,0,0,0,0,5,0,0,3.93287436034705,0,0.485714285714286,0,0,0.0,0,0,12,0,0,0,0,0,1
0,1,0,0,0,0,4,0,0,4.57018457592861,0,0.39344262295082,1,1,0.111111111111111,75,1,0,0,1,0,1,0,1
1,0,0,0,0,0,3,0,0,4.63148451171664,0,0.228260869565217,0,0,0.0,0,0,22,0,0,0,0,0,1
0,0,0,0,0,0,3,0,0,4.32209183964587,0,0.256756756756757,0,0,0.0333333333333333,0,0,1,0,1,0,0,0,1
1,1,0,0,0,0,2,0,0,4.29643934467102,0,0.65,0,0,0.0,0,3,0,0,1,0,0,0,1
0,1,0,0,0,0,2,0,0,5.45000078296973,0,0.155555555555556,0,1,0.385714285714286,81,15,24,0,1,0,1,0,1
1,0,0,0,0,0,2,0,0,3.85272778345386,0,0.384615384615385,0,0,0.0,0,0,0,0,0,0,0,0,1
1,0,0,0,0,0,2,0,0,4.36197355870186,0,0.387755102040816,0,0,0.0,0,0,0,0,1,0,0,0,1
0,0,0,0,0,0,2,0,0,4.27362739816435,0,0.280898876404494,0,0,0.0,0,0,0,0,0,0,0,0,1
1,0,0,0,0,0,2,0,0,4.09023401214515,0,0.517241379310345,0,0,0.0,0,0,3,0,1,0,0,0,1
1,0,0,0,0,0,3,0,0,3.95529188601796,0,0.435897435897436,0,0,0.0,0,0,0,0,1,0,0,0,1
1,0,0,0,0,1,20,0,0,5.05724653481844,0,0.0594594594594594,0,0,0.034313725490196,0,0,118,0,0,0,1,0,1
1,0,0,0,0,0,3,0,0,4.00607101310117,0,0.575757575757576,0,0,0.0,0,0,0,0,1,0,0,0,1
0,0,0,0,0,0,5,0,0,4.94644040807454,1,0.0918918918918919,0,0,0.0,0,0,70,0,0,1,1,0,1
1,0,0,0,0,0,2,0,0,3.96699807415229,0,0.307692307692308,0,0,0.0,0,0,0,0,1,0,0,0,1
1,0,0,0,0,0,2,0,0,3.36804242257272,0,0.476190476190476,0,0,0.0769230769230769,0,0,1,0,0,0,0,0,1
1,0,0,0,0,0,5,0,0,4.074221202169,0,0.387755102040816,0,0,0.0,0,0,0,0,1,0,0,0,1
1,0,0,0,0,0,2,0,0,4.05757515967848,0,0.542857142857143,0,0,0.037037037037037,0,0,0,0,1,0,0,0,1
1,1,0,0,0,0,3,0,0,3.90251826628863,0,0.375,0,1,0.0,3,1,1,0,0,0,0,0,1
0,0,0,0,0,1,3,0,0,3.90576458465545,0,0.416666666666667,0,0,0.0,0,0,0,0,0,0,0,0,1
0,0,0,0,0,0,3,0,0,5.04015742246645,0,0.134199134199134,0,0,0.0,0,0,83,0,0,1,1,0,1
1,0,0,0,0,0,2,0,0,3.73782019804216,0,0.394736842105263,0,0,0.0,0,0,0,0,0,0,0,0,1
1,0,1,0,0,0,3,0,0,4.72729779569614,0,0.342857142857143,0,0,0.02,0,0,9,0,0,0,0,0,1
0,0,0,0,0,0,3,0,0,4.21953703584438,0,0.290322580645161,0,0,0.0,0,0,0,0,0,0,0,0,1
1,0,0,0,0,0,2,0,0,4.84113676056147,0,0.278481012658228,0,0,0.0,0,0,23,0,0,0,0,0,1
0,0,0,0,0,0,3,0,0,4.1548203170911,0,0.407407407407407,0,0,0.0,0,0,1,0,0,0,0,0,1
0,0,0,0,0,0,3,0,0,4.03257325750262,0,0.461538461538462,0,0,0.0,0,0,0,0,0,0,0,0,1
1,0,0,0,0,0,3,0,0,5.5325911649251,0,0.282051282051282,0,0,0.385714285714286,0,0,9,0,1,0,0,0,1
0,0,0,0,0,0,4,0,0,4.86035075629273,0,0.170212765957447,0,0,0.0,0,0,17,0,0,0,1,0,1
0,0,0,0,0,0,3,0,0,4.4844225382937,0,0.285714285714286,0,0,0.0571428571428571,0,0,3,0,0,0,1,0,1
1,0,0,0,0,0,2,0,0,3.87907114974906,0,0.488372093023256,0,0,0.0,0,0,1,0,0,0,0,0,1
0,0,0,0,0,0,4,0,0,4.27709303966544,0,0.415094339622642,0,0,0.0,0,0,0,0,0,0,0,0,1
1,0,0,0,0,0,2,0,0,4.10694913275815,0,0.483870967741936,0,0,0.0,0,0,2,0,0,0,0,0,1
1,0,0,0,0,0,3,0,0,3.70281953111478,0,0.625,0,0,0.0,0,0,0,0,1,0,0,0,1
