Levenshtein Distance,Body tags in source,Number of parameter,Digit to alphabet ratio,Entropy,IP Address,Host name length,Percentage Character,Special Characters,Total links,Word based distribution,Is www present,Question Mark,Numeric Character,At Character,Frame tag present,Domain to URL Ratio,Is domain suspicious,Google Search Feature,Https in URL,Is English word,Dots,ASN updation date,mailto: present,Dash,Label
0,1,0,0.0,3.926108501,1,25,0,5,0,1,0,0,0,0,0,0.78125,95,0,0,1,2,1,0,0,0
0,1,0,0.0,3.686419411,1,19,0,5,162,1,0,0,0,0,1,0.730769231,205,0,0,1,2,1,0,0,0
0,0,0,0.333333333,3.522571589,1,14,0,5,0,1,0,0,4,0,0,0.666666667,0,0,0,0,2,1,0,0,0
0,1,0,0.0,3.572623664,1,15,0,5,8,1,0,0,0,0,0,0.681818182,0,0,0,1,2,1,0,0,0
0,1,0,0.0,3.576617645,1,12,0,5,58,1,0,0,0,0,1,0.631578947,71,0,0,1,2,1,1,0,0
0,0,0,0.0,3.546439345,1,13,0,5,0,1,0,0,0,0,0,0.65,0,0,0,1,2,1,0,0,0
0,1,0,0.0,3.446439345,1,13,0,5,220,1,0,0,0,0,1,0.65,32,0,0,1,2,0,0,0,0
0,1,0,0.0,3.446439345,1,13,0,5,40,1,0,0,0,0,1,0.65,56,0,0,1,2,1,0,0,0
0,1,0,0.0,3.89366069,1,18,0,5,27,1,0,0,0,0,0,0.72,24,0,0,1,2,1,0,0,0
0,1,0,0.0,3.784941827,1,14,0,5,1,1,0,0,0,0,0,0.666666667,1,0,0,1,2,1,1,0,0
0,0,0,0.0,3.847742679,1,23,0,6,0,1,0,0,0,0,0,0.766666667,0,0,0,1,3,1,0,0,0
0,0,0,0.0,3.902174814,0,19,0,5,0,1,0,0,0,0,0,0.730769231,0,0,0,1,2,1,0,0,0
0,0,0,0.0,3.246439345,1,13,0,6,0,1,0,0,0,0,0,0.65,0,0,0,1,3,0,0,0,0
0,1,0,0.0,3.884155095,1,20,0,6,474,1,0,0,0,0,1,0.740740741,379,0,0,1,3,1,0,0,0
0,1,0,0.25,4.13366069,1,18,0,5,0,1,0,0,4,0,1,0.72,78,0,0,0,2,1,1,0,0
0,1,0,0.0,3.260828171,1,12,0,5,91,1,0,0,0,0,1,0.631578947,39,0,0,1,2,1,1,0,0
0,1,0,0.0,3.767183468,1,19,0,5,69,1,0,0,0,0,1,0.730769231,18,0,0,1,2,1,1,0,0
0,1,0,0.0,3.882045108,1,16,0,5,208,1,0,0,0,0,0,0.695652174,21,0,0,1,2,1,0,0,0
0,0,0,0.0,3.884858892,0,26,0,7,0,1,0,0,0,0,0,0.787878788,0,0,0,1,4,0,0,0,0
0,0,0,0.0,3.334209459,1,15,0,6,0,1,0,0,0,0,0,0.681818182,0,0,0,1,3,0,0,0,0
0,0,0,0.0,3.740601563,1,17,0,5,0,1,0,0,0,0,0,0.708333333,0,0,0,1,2,1,0,0,0
0,1,0,0.0,3.921029622,1,19,0,5,82,1,0,0,0,0,0,0.730769231,0,0,0,1,2,0,1,0,0
0,1,0,0.0,3.937751955,1,24,0,5,27,1,0,0,0,0,1,0.774193548,3,0,0,1,2,1,1,0,0
0,1,0,0.0,3.633974076,1,20,0,5,0,1,0,0,0,0,0,0.740740741,363,0,0,1,2,1,0,0,0
0,0,0,0.0,3.653996739,0,16,0,5,0,1,0,0,0,0,0,0.695652174,0,0,0,1,2,1,0,0,0
0,1,0,0.0,4.014438731,1,28,0,5,159,1,0,0,0,0,0,0.8,68,0,0,1,2,1,0,0,0
0,1,0,0.0,3.921029622,1,19,0,6,72,1,0,0,0,0,1,0.730769231,11,0,0,1,3,1,0,0,0
0,1,0,0.0,3.663532755,1,15,0,6,77,1,0,0,0,0,1,0.681818182,21,0,0,0,2,1,1,1,0
0,1,0,0.0,3.810081021,1,20,0,5,160,1,0,0,0,0,0,0.740740741,109,0,0,1,2,1,0,0,0
0,0,0,0.0,3.43326969,0,18,0,6,0,1,0,0,0,0,0,0.72,0,0,0,1,3,1,0,0,0
0,1,0,0.0,3.736006946,1,20,0,6,20,1,0,0,0,0,1,0.740740741,14,0,0,0,2,1,0,1,0
0,1,0,0.066666667,3.689703732,1,14,0,5,121,1,0,0,1,0,1,0.666666667,1,0,0,0,2,1,0,0,0
0,2,0,0.0,3.842370993,1,21,0,6,345,1,0,0,0,0,1,0.75,13,0,0,1,3,1,1,0,0
0,1,0,0.0,3.912113891,1,20,0,6,74,1,0,0,0,0,1,0.740740741,5,0,0,0,2,0,0,1,0
0,1,0,0.0,3.819244739,1,27,0,5,62,1,0,0,0,0,1,0.794117647,23,0,0,1,2,1,0,0,0
0,1,0,0.0,3.796217603,1,19,0,5,72,1,0,0,0,0,1,0.730769231,13,0,0,1,2,1,0,0,0
0,1,0,0.0,3.337175341,1,10,0,5,157,1,0,0,0,0,1,0.588235294,4,0,0,1,2,1,1,0,0
0,1,0,0.0,3.576617645,1,12,0,5,0,1,0,0,0,0,1,0.631578947,379,0,0,1,2,1,1,0,0
0,1,0,0.0,3.986187965,1,20,0,5,120,1,0,0,0,0,1,0.740740741,74,0,0,1,2,1,0,0,0
0,1,0,0.0,4.150158513,1,26,0,5,18,1,0,0,0,0,1,0.787878788,2,0,0,1,2,1,1,0,0
0,1,0,0.0,3.576617645,1,12,0,5,262,1,0,0,0,0,1,0.631578947,125,0,0,1,2,1,1,0,0
0,1,0,0.0,3.952302978,1,22,0,5,30,1,0,0,0,0,0,0.75862069,1,0,0,1,2,1,0,0,0
0,1,0,0.0,4.272331065,1,32,0,5,67,1,0,0,0,0,1,0.820512821,24,0,0,1,2,1,0,0,0
0,1,0,0.0,4.142295219,1,22,0,6,29,1,0,0,0,0,1,0.75862069,6,0,0,0,2,1,0,1,0
0,0,0,0.25,3.48418372,1,13,0,5,0,1,0,0,3,0,0,0.65,0,0,0,0,2,1,0,0,0
0,0,0,0.0,3.856564762,1,23,0,5,0,1,0,0,0,0,0,0.766666667,0,0,0,1,2,1,0,0,0
0,1,0,0.0,3.823934896,1,17,0,7,0,1,0,0,0,0,0,0.708333333,10,0,0,0,3,1,0,1,0
0,1,0,0.0,3.849223912,1,16,0,5,0,1,0,0,0,0,1,0.695652174,3,0,0,1,2,1,0,0,0
0,1,0,0.0,3.731286772,1,33,0,5,0,1,0,0,0,0,1,0.825,172,0,0,1,2,1,1,0,0
0,1,0,0.0,3.697845823,1,15,0,5,31,1,0,0,0,0,0,0.681818182,30,0,0,1,2,1,0,0,0
0,1,0,0.0,3.882045108,1,16,0,5,83,1,0,0,0,0,0,0.695652174,0,0,0,1,2,1,0,0,0
0,1,0,0.0,3.92385619,1,18,0,5,225,1,0,0,0,0,0,0.72,69,0,0,1,2,1,1,0,0
0,1,0,0.0,3.642489673,1,16,0,6,251,1,0,0,0,0,0,0.695652174,50,0,0,1,3,1,0,0,0
0,0,0,0.0,3.75326969,1,18,0,5,0,1,0,0,0,0,0,0.72,0,0,0,1,2,1,0,0,0
0,0,0,0.0,3.419381946,0,11,0,5,0,1,0,0,0,0,0,0.611111111,0,0,0,1,2,0,0,0,0
0,1,0,0.0,3.78346519,1,18,0,6,194,1,0,0,0,0,1,0.72,0,0,0,1,3,0,0,0,0
0,1,0,0.0,4.215061012,1,23,0,6,54,1,0,0,0,0,1,0.766666667,33,0,0,0,2,1,0,1,0
0,1,0,0.0,4.131300343,1,24,0,5,27,1,0,0,0,0,0,0.774193548,23,0,0,1,2,1,1,0,0
0,1,0,0.0,3.958229169,1,20,0,5,79,1,0,0,0,0,1,0.740740741,17,0,0,1,2,1,0,0,0
0,1,0,0.0,3.546439345,1,13,0,5,0,1,0,0,0,0,1,0.65,121,0,0,1,2,1,0,0,0
0,1,0,0.0,3.937751955,1,24,0,5,163,1,0,0,0,0,1,0.774193548,20,0,0,1,2,1,0,0,0
0,1,0,0.0,3.950063756,1,19,0,5,2,1,0,0,0,0,1,0.730769231,0,0,0,1,2,1,0,0,0
0,1,0,0.0,3.675310869,1,16,0,5,912,1,0,0,0,0,1,0.695652174,16,0,0,1,2,0,1,0,0
0,0,0,0.0,3.681880803,1,12,0,5,0,1,0,0,0,0,0,0.631578947,0,0,0,1,2,1,0,0,0
0,1,0,0.0,3.58418372,1,13,0,5,72,1,0,0,0,0,1,0.65,11,0,0,1,2,0,0,0,0
0,0,0,0.0,3.68418372,1,13,0,5,0,1,0,0,0,0,0,0.65,0,0,0,1,2,1,0,0,0
0,0,0,0.0,3.788754914,1,15,0,6,0,1,0,0,0,0,0,0.681818182,0,0,0,0,2,1,0,1,0
0,0,0,0.0,4.057476076,1,27,0,6,0,1,0,0,0,0,0,0.794117647,0,0,0,0,2,1,0,1,0
0,0,0,0.0,3.463280518,1,14,0,6,0,1,0,0,0,0,0,0.666666667,0,0,0,1,3,1,0,0,0
0,0,0,0.0,3.795088586,0,16,0,6,0,1,0,0,0,0,0,0.695652174,0,0,0,0,2,1,0,1,0
0,1,0,0.0,3.810928306,1,22,0,5,0,1,0,0,0,0,0,0.75862069,0,0,0,1,2,1,0,0,0
0,1,0,0.0,3.884155095,1,20,0,5,0,1,0,0,0,0,1,0.740740741,8,0,0,1,2,1,0,0,0
0,1,0,0.0,3.890319531,1,25,0,5,407,1,0,0,0,0,1,0.78125,235,0,0,1,2,1,0,0,0
0,1,0,0.0,3.815410725,1,21,0,6,41,1,0,0,0,0,1,0.75,76,0,0,1,3,1,0,0,0
0,1,0,0.0,3.88333746,1,22,0,6,0,1,0,0,0,0,0,0.75862069,0,0,0,0,2,1,0,1,0
0,1,0,0.0,3.840402547,1,22,0,6,87,1,0,0,0,0,1,0.75862069,0,0,0,0,2,1,0,1,0
0,1,0,0.0,3.68418372,1,13,0,5,55,1,0,0,0,0,1,0.65,70,0,0,1,2,1,0,0,0
0,1,0,0.0,3.762267391,1,16,0,5,152,1,0,0,0,0,1,0.695652174,29,0,0,1,2,1,0,0,0
0,1,0,0.0,3.723074189,1,18,0,6,0,1,0,0,0,0,1,0.72,0,0,0,1,3,0,0,0,0
0,0,0,0.0,3.558518613,1,14,0,6,0,1,0,0,0,0,0,0.666666667,0,0,0,1,3,0,0,0,0
0,1,0,0.0,4.132944045,1,19,0,6,51,1,0,0,0,0,0,0.730769231,56,0,0,0,2,1,0,1,0
0,1,0,0.0,3.983195634,1,26,0,5,222,1,0,0,0,0,1,0.787878788,81,0,0,1,2,1,1,0,0
0,0,0,0.0,3.739877575,1,28,0,5,0,1,0,0,0,0,0,0.8,0,0,0,1,2,1,0,0,0
0,0,0,0.0,3.831401845,1,23,0,5,0,1,0,0,0,0,0,0.766666667,0,0,0,1,2,0,0,0,0
0,1,0,0.0,3.834962501,1,17,0,6,146,1,0,0,0,0,1,0.708333333,7,0,0,0,2,0,0,1,0
0,1,0,0.0,3.78418372,1,13,0,5,82,1,0,0,0,0,1,0.65,18,0,0,1,2,1,1,0,0
0,1,0,0.0,3.984234165,1,27,0,5,0,1,0,0,0,0,0,0.794117647,1,0,0,1,2,1,0,0,0
9,0,0,0.0,3.92921445519922,1,24,0,6,0,1,0,0,0,0,0,0.774193548387097,0,0,0,1,3,1,0,0,0
9,1,0,0.333333333333333,3.91326968951511,1,18,0,5,75,1,0,0,5,0,0,0.72,3,0,0,0,2,1,0,0,0
9,0,0,0.0,4.02085512047121,1,27,0,5,0,1,0,0,0,0,0,0.794117647058824,0,0,0,1,2,1,0,0,0
9,1,0,0.0,3.58418371977919,1,13,0,5,1,1,0,0,0,0,0,0.65,3,3,0,1,2,1,0,0,0
8,1,0,0.0,3.8841550945958,1,20,0,5,10,1,0,0,0,0,0,0.740740740740741,35,1,0,1,2,1,0,0,0
56,1,0,0.0,3.38346518960165,1,18,0,5,3,1,0,0,0,0,0,0.72,5,0,0,1,2,1,0,0,0
30,0,0,0.0,3.68008935369481,1,20,0,6,0,1,0,0,0,0,0,0.740740740740741,0,0,0,1,3,1,0,0,0
12,0,0,0.0,3.66353275480426,0,15,0,6,0,1,0,0,0,0,0,0.681818181818182,0,0,0,1,3,0,0,0,0
18,1,0,0.0,3.75416342776888,1,20,0,5,26,1,0,0,0,0,0,0.740740740740741,71,1,0,1,2,1,0,0,0
9,1,0,0.0,3.54643934467102,1,13,0,5,262,1,0,0,0,0,0,0.65,60,2,0,1,2,1,1,0,0
13,0,0,0.0,3.46346518960165,0,18,0,5,0,1,0,0,0,0,0,0.72,0,0,0,1,2,1,0,0,0
16,0,0,0.0,4.03140184539217,1,23,0,7,0,1,0,0,0,0,0,0.766666666666667,0,0,0,1,3,1,0,1,0
9,1,0,0.0,3.86346518960165,1,18,0,5,4,1,0,0,0,0,1,0.72,5,0,0,1,2,1,1,0,0
9,1,0,0.0,3.73600694644766,1,20,0,5,203,1,0,0,0,0,1,0.740740740740741,7,2,0,1,2,1,0,0,0
25,0,0,0.0,3.73366068968819,0,18,0,5,0,1,0,0,0,0,0,0.72,0,0,0,1,2,0,0,0,0
12,1,0,0.0,3.95348502844936,1,26,0,6,114,1,0,0,0,0,1,0.787878787878788,51,9,0,0,2,1,1,1,0
9,0,0,0.0,3.66353275480426,1,15,0,5,0,1,0,0,0,0,0,0.681818181818182,0,3,0,1,2,1,1,0,0
9,1,0,0.0,3.97791687469364,1,24,0,5,0,1,0,0,0,0,1,0.774193548387097,158,2,0,1,2,1,0,0,0
8,0,0,0.0,3.78039465412319,1,21,0,5,0,1,0,0,0,0,0,0.75,0,1,0,1,2,1,0,0,0
9,1,0,0.0,3.9861879650463,1,20,0,5,55,1,0,0,0,0,1,0.740740740740741,52,3,0,1,2,1,1,0,0
9,1,0,0.0,4.11057724333164,1,21,0,6,168,1,0,0,0,0,1,0.75,54,0,0,0,2,1,1,1,0
8,1,0,0.0,3.78494182743764,1,14,0,5,13,1,0,0,0,0,0,0.666666666666667,1,6,0,1,2,1,0,0,0
9,1,0,0.0,3.653756708287,1,14,0,6,234,1,0,0,0,0,0,0.666666666666667,0,0,0,1,3,0,0,0,0
9,1,0,0.0,3.62117554291947,1,16,0,5,0,1,0,0,0,0,1,0.695652173913044,469,0,0,1,2,1,0,0,0
33,1,0,0.0,3.46132014021101,1,11,0,5,24,1,0,0,0,0,1,0.611111111111111,15,4,0,1,2,1,0,0,0
9,1,0,0.0,3.21952828229955,1,10,0,5,0,1,0,0,0,0,1,0.588235294117647,18,2,0,1,2,1,0,0,0
8,0,0,0.0,3.60693673217532,1,15,0,5,0,1,0,0,0,0,0,0.681818181818182,0,2,0,1,2,1,0,0,0
9,1,0,0.0,3.85730685689813,1,22,0,5,102,1,0,0,0,0,1,0.758620689655172,78,2,0,1,2,1,0,0,0
9,1,0,0.0,3.47135448701393,1,12,0,5,87,1,0,0,0,0,0,0.631578947368421,0,2,0,1,2,0,0,0,0
9,1,0,0.0,3.77736279506417,1,19,0,5,0,1,0,0,0,0,1,0.730769230769231,20,12,0,1,2,1,0,0,0
9,1,0,0.0,3.66353275480426,0,15,0,5,1,1,0,0,0,0,0,0.681818181818182,13,0,0,1,2,1,0,0,0
36,0,0,0.0625,3.7887549139935,0,15,0,5,0,1,0,0,1,0,0,0.681818181818182,0,0,0,0,2,0,0,0,0
37,0,0,0.5625,4.03140184539217,0,23,0,5,0,1,0,0,9,0,0,0.766666666666667,0,0,0,0,2,0,0,0,0
8,0,0,0.0,4.01158543183743,0,28,0,6,0,1,0,0,0,0,0,0.8,0,0,0,1,3,1,0,0,0
16,0,0,0.0,3.53641423712223,0,19,0,7,0,1,0,0,0,0,0,0.730769230769231,0,0,0,1,4,0,0,0,0
9,1,0,0.0,3.81008102052173,1,20,0,5,541,1,0,0,0,0,1,0.740740740740741,1701,2,0,1,2,1,1,0,0
8,1,0,0.0,3.97366068968819,1,18,0,5,69,1,0,0,0,0,1,0.72,2,2,0,1,2,1,0,0,0
9,1,0,0.0,3.86346518960165,1,18,0,6,78,1,0,0,0,0,0,0.72,1,2,0,1,3,1,0,0,0
17,1,0,0.0,3.90217481421173,1,19,0,5,30,1,0,0,0,0,0,0.730769230769231,16,0,0,1,2,1,0,0,0
9,1,0,0.0,3.96473517872551,1,23,0,5,127,1,0,0,0,0,0,0.766666666666667,36,2,0,1,2,1,0,0,0
9,1,0,0.0,4.12323142879762,1,23,0,5,0,1,0,0,0,0,1,0.766666666666667,65,0,0,1,2,1,0,0,0
49,1,0,0.0,3.653756708287,1,14,0,5,0,1,0,0,0,0,1,0.666666666666667,0,0,0,1,2,1,0,0,0
9,1,0,0.0,3.75591309517583,1,23,0,6,21,1,0,0,0,0,0,0.766666666666667,15,2,0,1,3,1,0,0,0
9,1,0,0.0,3.79508858639773,1,16,0,5,0,1,0,0,0,0,1,0.695652173913044,88,2,0,1,2,1,0,0,0
9,0,0,0.0,3.94346518960165,1,18,0,5,0,1,0,0,0,0,0,0.72,0,0,0,1,2,1,0,0,0
8,1,0,0.0,3.85619629821938,1,20,0,5,52,1,0,0,0,0,0,0.740740740740741,149,11,0,1,2,1,1,0,0
9,0,0,0.0,3.81366068968819,0,18,0,6,0,1,0,0,0,0,0,0.72,0,0,0,1,3,1,0,0,0
9,1,0,0.0,3.46857662968787,1,16,0,5,182,1,0,0,0,0,1,0.695652173913044,69,0,0,1,2,1,0,0,0
9,1,0,0.0,3.76226739065149,1,16,0,5,29,1,0,0,0,0,1,0.695652173913044,1,2,0,1,2,1,0,0,0
20,0,0,0.0,3.68970373219955,0,14,0,5,0,1,0,0,0,0,0,0.666666666666667,0,0,0,1,2,1,0,0,0
8,1,0,0.0,3.79621760259006,1,19,0,6,106,1,0,0,0,0,0,0.730769230769231,6,1,0,1,3,0,1,0,0
9,1,0,0.0,3.68970373219955,1,14,0,6,16,1,0,0,0,0,0,0.666666666666667,0,0,0,0,2,0,0,1,0
9,1,0,0.0,4.01218840396866,1,21,0,5,24,1,0,0,0,0,1,0.75,35,2,0,1,2,1,0,0,0
9,1,0,0.0,3.69784582308441,1,15,0,5,61,1,0,0,0,0,1,0.681818181818182,55,2,0,1,2,1,1,0,0
9,1,0,0.0,3.96142927098964,1,22,0,6,174,1,0,0,0,0,1,0.758620689655172,481,1,0,0,2,1,0,1,0
9,1,0,0.0,3.7720552088742,1,17,0,5,54,1,0,0,0,0,1,0.708333333333333,23,11,0,1,2,1,0,0,0
9,1,0,0.0,3.85182322555177,1,21,0,5,40,1,0,0,0,0,0,0.75,30,2,0,1,2,1,0,0,0
8,1,0,0.0,3.97366068968819,1,18,0,6,72,1,0,0,0,0,1,0.72,68,1,0,0,2,1,1,1,0
8,1,0,0.0,4.03914867190307,1,21,0,5,0,1,0,0,0,0,0,0.75,100,1,0,1,2,1,0,0,0
9,1,0,0.125,3.88204510813686,1,16,0,5,17,1,0,0,2,0,0,0.695652173913044,21,0,0,0,2,1,0,0,0
9,0,0,0.0,3.21584117268375,1,12,0,5,120,1,0,0,0,0,0,0.631578947368421,0,3,0,1,2,1,0,0,0
9,1,0,0.0,4.03914867190307,1,21,0,6,0,1,0,0,0,0,0,0.75,0,1,0,0,2,1,0,1,0
9,1,0,0.0,3.94346518960165,1,18,0,5,78,1,0,0,0,0,1,0.72,81,10,0,1,2,1,0,0,0
9,0,0,0.0,4.0081320258334,1,19,0,5,0,1,0,0,0,0,0,0.730769230769231,0,2,0,1,2,1,0,0,0
8,1,0,0.0,3.78494182743764,1,14,0,5,382,1,0,0,0,0,1,0.666666666666667,49,2,0,1,2,1,0,0,0
9,0,0,0.0,3.86346518960165,1,18,0,5,0,1,0,0,0,0,0,0.72,0,0,0,1,2,1,0,0,0
30,1,0,0.0,3.49922754172336,1,14,0,6,231,1,0,0,0,0,0,0.666666666666667,106,8,0,0,2,1,0,1,0
0,1,0,0.0,3.950063756,1,19,0,5,47,1,0,0,0,0,0,0.730769231,41,0,0,1,2,1,0,0,0
0,0,0,0.176470588,3.81366069,1,18,0,5,0,1,0,0,3,0,0,0.72,0,0,0,0,2,1,0,0,0
0,0,0,0.0,4.056564762,0,23,0,7,0,1,0,0,0,0,0,0.766666667,0,0,0,1,4,1,0,0,0
0,0,0,0.0,3.89366069,1,18,0,5,28,1,0,0,0,0,1,0.72,33,0,0,1,2,1,0,0,0
0,1,0,0.0,4.109793483,1,37,0,6,129,1,0,0,0,0,1,0.840909091,168,0,0,1,3,0,1,0,0
0,1,0,0.0,3.446439345,1,13,0,5,50,1,0,0,0,0,0,0.65,3,0,0,1,2,1,1,0,0
0,0,0,0.0,3.67326969,1,18,0,5,0,1,0,0,0,0,0,0.72,0,0,0,1,2,1,0,0,0
0,1,0,0.0,4.218128821,1,29,0,6,164,1,0,0,0,0,1,0.805555556,58,0,0,1,3,0,0,0,0
0,1,0,0.0,3.621175543,1,16,0,5,408,1,0,0,0,0,1,0.695652174,24,0,0,1,2,1,1,0,0
0,1,0,0.0,3.784941827,1,14,0,5,1,1,0,0,0,0,0,0.666666667,2,0,0,1,2,1,0,0,0
0,1,0,0.0,3.945464952,1,26,0,5,32,1,0,0,0,0,0,0.787878788,12,0,0,1,2,1,0,0,0
0,1,0,0.0,3.572623664,1,15,0,5,150,1,0,0,0,0,0,0.681818182,8,0,0,1,2,1,1,0,0
0,1,0,0.0,3.675310869,1,16,0,5,1,1,0,0,0,0,1,0.695652174,0,0,0,1,2,1,0,0,0
0,0,0,0.0,4.090234012,1,22,0,5,0,1,0,0,0,0,0,0.75862069,0,0,0,1,2,1,0,0,0
0,1,0,0.0,3.726474118,1,21,0,5,390,1,0,0,0,0,1,0.75,162,0,0,1,2,1,0,0,0
0,1,0,0.105263158,4.209867122,1,19,0,5,0,1,0,0,2,0,0,0.730769231,0,0,0,0,2,1,0,0,0
0,1,0,0.0,3.849223912,1,16,0,5,70,1,0,0,0,0,0,0.695652174,22,0,0,1,2,1,1,0,0
0,1,0,0.0,3.40726823,1,17,0,5,70,1,0,0,0,0,0,0.708333333,28,0,0,1,2,1,1,0,0
0,1,0,0.0,3.43326969,1,18,0,5,0,1,0,0,0,0,1,0.72,10,0,0,1,2,1,1,0,0
0,1,0,0.0,3.978333581,1,22,0,6,0,1,0,0,0,0,1,0.75862069,153,0,0,1,3,1,0,0,0
0,1,0,0.0,4.026986833,1,19,0,5,135,1,0,0,0,0,1,0.730769231,16,0,0,1,2,1,0,0,0
0,0,0,0.0,4.093400349,1,29,0,5,0,1,0,0,0,0,0,0.805555556,0,0,0,1,2,1,0,0,0
0,1,0,0.0,3.748994804,1,14,0,6,73,1,0,0,0,0,0,0.666666667,15,0,0,1,3,1,0,0,0
0,1,0,0.0,4.081532377,1,26,0,6,0,1,0,0,0,0,0,0.787878788,0,0,0,1,3,0,0,0,0
0,1,0,0.0,3.46132014,1,11,0,5,95,1,0,0,0,0,0,0.611111111,17,0,0,1,2,1,1,0,0
0,1,0,0.0,3.894739663,1,23,0,5,46,1,0,0,0,0,0,0.766666667,60,0,0,1,2,1,0,0,0
0,0,0,0.076923077,3.576617645,1,12,0,5,0,1,0,0,1,0,0,0.631578947,0,0,0,0,2,1,0,0,0
0,1,0,0.0,3.978333581,1,22,0,5,62,1,0,0,0,0,0,0.75862069,2,0,0,1,2,1,0,0,0
0,0,0,0.0,3.572623664,1,15,0,5,0,1,0,0,0,0,0,0.681818182,3,0,0,1,2,0,0,0,0
0,1,0,0.0,3.572623664,1,15,0,6,3,1,0,0,0,0,0,0.681818182,3,0,0,0,2,1,0,1,0
0,1,0,0.0,3.803508855,1,17,0,5,502,1,0,0,0,0,0,0.708333333,16,0,0,1,2,1,0,0,0
0,1,0,0.0,3.83326969,1,18,0,5,305,1,0,0,0,0,0,0.72,12,0,0,1,2,1,0,0,0
0,1,0,0.0,3.923251797,1,21,0,5,0,1,0,0,0,0,0,0.75,3,0,0,1,2,1,0,0,0
0,0,0,0.0,3.882045108,1,16,0,5,0,1,0,0,0,0,0,0.695652174,0,0,0,1,2,1,0,0,0
8,1,0,0.0,3.642489673,0,16,0,6,82,1,0,0,0,0,1,0.695652174,0,0,0,1,3,0,0,0,0
9,1,0,0.0,3.546439345,1,13,0,6,125,1,0,0,0,0,0,0.65,1,2,0,1,3,0,0,0,0
9,1,0,0.0,4.028946392,1,26,0,5,312,1,0,0,0,0,1,0.787878788,4,10,0,1,2,1,0,0,0
8,1,0,0.0,3.913400746,1,24,0,6,37,1,0,0,0,0,0,0.774193548,2,1,0,0,2,1,0,1,0
16,0,0,0.0,4.162573265,1,29,0,5,0,1,0,0,0,0,0,0.805555556,0,0,0,1,2,1,0,0,0
9,1,0,0.0,3.46132014,1,11,0,5,207,1,0,0,0,0,0,0.611111111,13,0,0,1,2,0,1,0,0
9,0,0,0.0,3.576617645,1,12,0,5,0,1,0,0,0,0,0,0.631578947,0,0,0,1,2,1,0,0,0
9,1,0,0.0,3.75326969,1,18,0,5,370,1,0,0,0,0,1,0.72,51,3,0,1,2,1,0,0,0
9,1,0,0.0,3.96900163,1,16,0,5,280,1,0,0,0,0,1,0.695652174,141,2,0,1,2,1,1,0,0
8,1,0,0.0,3.856196298,1,20,0,5,0,1,0,0,0,0,0,0.740740741,0,7,0,1,2,1,0,0,0
9,1,0,0.0,3.78346519,1,18,0,5,298,1,0,0,0,0,1,0.72,51,2,0,1,2,1,0,0,0
9,1,0,0.0,3.708132065,1,16,0,5,26,1,0,0,0,0,0,0.695652174,0,7,0,1,2,1,1,0,0
9,1,0,0.0,3.603412343,0,24,0,6,201,1,0,0,0,0,1,0.774193548,2,11,0,0,2,1,0,1,0
9,1,0,0.0,3.594465637,1,14,0,5,186,1,0,0,0,0,0,0.666666667,41,0,0,1,2,1,1,0,0
9,1,0,0.0,4.06610894,1,21,0,5,55,1,0,0,0,0,1,0.75,63,0,0,1,2,1,1,0,0
9,1,0,0.0,3.869331261,1,21,0,5,70,1,0,0,0,0,1,0.75,11,3,0,1,2,1,0,0,0
18,0,0,0.0,3.909368064,0,22,0,6,0,1,0,0,0,0,0,0.75862069,0,0,0,0,2,0,0,1,0
41,0,0,0.0,3.822579762,1,23,0,6,0,1,0,0,0,0,0,0.766666667,0,9,0,1,3,1,0,0,0
31,1,0,0.0,3.89366069,1,18,0,5,0,1,0,0,0,0,0,0.72,0,0,0,1,2,1,0,0,0
9,1,0,0.0,3.81366069,1,18,0,5,0,1,0,0,0,0,0,0.72,0,2,0,1,2,1,0,0,0
9,0,0,0.0,3.990705474,1,31,0,6,0,1,0,0,0,0,0,0.815789474,0,1,0,1,3,1,0,0,0
9,1,0,0.0,3.639079571,1,18,0,5,0,1,0,0,0,0,1,0.72,0,0,0,1,2,1,0,0,0
9,0,0,0.0,3.758867099,1,22,0,6,192,1,0,0,0,0,0,0.75862069,0,2,0,0,2,1,0,1,0
34,0,0,0.0,3.88333746,1,22,0,6,545,1,0,0,0,0,0,0.75862069,0,7,0,1,3,1,0,0,0
9,1,0,0.0,3.74095326,1,16,0,5,137,1,0,0,0,0,0,0.695652174,130,1,0,1,2,1,1,0,0
9,1,0,0.0,3.825251737,1,19,0,5,29,1,0,0,0,0,1,0.730769231,166,1,0,1,2,1,0,0,0
136,0,0,0.0,3.857016588,0,28,0,6,0,1,0,0,0,0,0,0.8,0,0,0,0,2,0,0,1,0
594,1,0,0.0,3.998762065,1,35,0,7,226,1,0,0,0,0,1,0.833333333,46,0,0,1,4,0,0,0,0
9,1,0,0.0,3.97366069,1,18,0,5,171,1,0,0,0,0,1,0.72,127,2,0,1,2,1,0,0,0
8,1,0,0.0,3.386842188,0,17,0,6,36,1,0,0,0,0,0,0.708333333,0,0,0,0,2,1,0,1,0
9,1,0,0.0,4.02346519,1,18,0,5,156,1,0,0,0,0,1,0.72,132,0,0,1,2,1,0,0,0
16,0,0,0.0,4.116264616,1,22,0,5,274,1,0,0,0,0,0,0.75862069,0,0,0,1,2,1,0,0,0
9,1,0,0.0,3.350209029,1,11,0,5,8,1,0,0,0,0,0,0.611111111,10,2,0,1,2,1,1,0,0
9,0,0,0.0,3.38418372,1,13,0,5,37,1,0,0,0,0,0,0.65,0,2,0,1,2,1,0,0,0
9,1,0,0.0,3.65726823,1,17,0,5,124,1,0,0,0,0,1,0.708333333,19,3,0,1,2,1,0,0,0
9,1,0,0.0,3.555533151,1,16,0,5,240,1,0,0,0,0,1,0.695652174,41,2,0,1,2,1,0,0,0
9,1,0,0.0,3.940759833,1,21,0,5,69,1,0,0,0,0,1,0.75,4,10,0,1,2,1,0,0,0
9,1,0,0.0,3.613337314,1,19,0,7,185,1,0,0,0,0,1,0.730769231,400,2,0,1,4,1,0,0,0
9,1,0,0.0,3.788754914,1,15,0,5,80,1,0,0,0,0,1,0.681818182,9,2,0,1,2,1,0,0,0
0,0,0,0.0,3.76226739065149,1,16,0,5,115,1,0,0,0,0,0,0.695652173913044,0,0,0,1,2,1,0,0,0
0,0,0,0.0,3.99590659848425,1,29,0,5,239,1,0,0,0,0,0,0.805555555555556,0,0,0,1,2,1,0,0,0
0,0,0,0.0,3.76364677067693,1,26,0,5,70,1,0,0,0,0,0,0.787878787878788,0,0,0,1,2,1,0,0,0
0,0,0,0.0,3.91211389097223,1,20,0,5,127,1,0,0,0,0,0,0.740740740740741,0,0,0,1,2,1,0,0,0
0,0,0,0.0,3.95822916866988,1,20,0,6,0,1,0,0,0,0,0,0.740740740740741,0,0,0,0,2,1,0,1,0
0,0,0,0.0,3.41938194564637,1,11,0,5,206,1,0,0,0,0,0,0.611111111111111,0,0,0,1,2,1,0,0,0
0,1,0,0.0,3.57243125132212,1,11,0,5,89,1,0,0,0,0,1,0.611111111111111,40,0,0,1,2,1,1,0,0
0,0,0,0.0,3.65366068968819,1,18,0,5,0,1,0,0,0,0,0,0.72,0,0,0,1,2,1,0,0,0
0,0,0,0.0,4.01218840396866,1,21,0,5,98,1,0,0,0,0,0,0.75,0,0,0,1,2,1,0,0,0
0,1,0,0.0,3.97909789113481,1,19,0,5,86,1,0,0,0,0,1,0.730769230769231,199,0,0,1,2,1,0,0,0
0,0,0,0.0,3.62346518960165,1,18,0,5,0,1,0,0,0,0,0,0.72,0,0,0,1,2,1,0,0,0
0,1,0,0.0,3.66353275480426,1,15,0,5,56,1,0,0,0,0,1,0.681818181818182,56,0,0,1,2,1,1,0,0
0,1,0,0.0,3.44643934467102,1,13,0,5,19,1,0,0,0,0,1,0.65,3,0,0,1,2,0,0,0,0
0,0,0,0.0,3.72565075611209,1,14,0,5,10,1,0,0,0,0,0,0.666666666666667,0,0,0,1,2,1,0,0,0
0,0,0,0.0,3.68418371977919,1,13,0,5,107,1,0,0,0,0,0,0.65,0,0,0,1,2,1,0,0,0
0,1,0,0.0,3.44286216515547,1,15,0,5,51,1,0,0,0,0,0,0.681818181818182,17,0,0,1,2,1,0,0,0
0,1,0,0.0,3.93027037229345,1,20,0,6,137,1,0,0,0,0,1,0.740740740740741,72,0,0,0,2,1,1,1,0
0,0,0,0.0,4.03914867190307,1,21,0,5,0,1,0,0,0,0,0,0.75,0,0,0,1,2,1,0,0,0
0,0,0,0.0,3.67531086891236,1,16,0,5,0,1,0,0,0,0,0,0.695652173913044,0,0,0,1,2,0,0,0,0
0,0,0,0.0,3.53831059561501,1,15,0,5,97,1,0,0,0,0,0,0.681818181818182,0,0,0,1,2,1,0,0,0
0,1,0,0.0,4.04729909842664,1,22,0,5,13,1,0,0,0,0,0,0.758620689655172,21,0,0,1,2,1,1,0,0
0,1,0,0.0,3.89629152904593,1,21,0,5,175,1,0,0,0,0,0,0.75,57,0,0,1,2,1,0,0,0
0,0,0,0.2,3.84040254670251,1,22,0,5,19,1,0,0,4,0,0,0.758620689655172,0,0,0,0,2,1,0,0,0
0,1,0,0.0,3.78418371977919,1,13,0,5,330,1,0,0,0,0,1,0.65,152,0,0,1,2,1,0,0,0
0,1,0,0.0,3.70804815007123,1,20,0,5,15,1,0,0,0,0,1,0.740740740740741,21,0,0,1,2,1,1,0,0
0,0,0,0.0,3.55851861304891,1,14,0,6,0,1,0,0,0,0,0,0.666666666666667,0,0,0,1,3,0,0,0,0
0,1,0,0.0,3.32636040795269,1,12,0,5,14,1,0,0,0,0,1,0.631578947368421,16,0,0,1,2,1,0,0,0
0,1,0,0.0,3.81366068968819,1,18,0,5,117,1,0,0,0,0,0,0.72,0,0,0,1,2,0,0,0,0
0,1,0,0.0,3.8154107252427,1,21,0,5,152,1,0,0,0,0,0,0.75,6,0,0,1,2,1,0,0,0
0,0,0,0.0,3.54643934467102,1,13,0,5,70,1,0,0,0,0,0,0.65,0,0,0,1,2,1,0,0,0
0,1,0,0.0,3.58835434717323,1,16,0,5,490,1,0,0,0,0,1,0.695652173913044,122,0,0,1,2,1,0,0,0
0,0,0,0.0,3.89806851205884,0,23,0,5,0,1,0,0,0,0,0,0.766666666666667,0,0,0,1,2,1,0,0,0
0,0,0,0.0,4.05366068968819,0,18,0,6,4,1,0,0,0,0,0,0.72,0,0,0,0,2,1,0,1,0
0,1,0,0.0,3.36030597770208,1,16,0,5,8,1,0,0,0,0,1,0.695652173913044,0,0,0,1,2,1,0,0,0
0,1,0,0.0526315789473684,3.92385618977473,1,18,0,5,222,1,0,0,1,0,1,0.72,49,0,0,0,2,1,0,0,0
0,0,0,0.0,3.54346518960165,1,18,0,6,0,1,0,0,0,0,0,0.72,0,0,0,1,3,0,0,0,0
0,0,0,0.0,3.92323142879762,1,23,0,5,141,1,0,0,0,0,0,0.766666666666667,0,0,0,1,2,1,0,0,0
0,0,0,0.0,4.08172767886974,1,23,0,7,0,1,0,0,0,0,0,0.766666666666667,0,0,0,0,2,1,0,2,0
0,0,0,0.0,3.85538854220753,1,17,0,5,0,1,0,0,0,0,0,0.708333333333333,42,0,0,1,2,1,0,0,0
0,0,0,0.0,3.7720552088742,1,17,0,5,313,1,0,0,0,0,0,0.708333333333333,0,0,0,1,2,1,0,0,0
0,1,0,0.0,3.81366068968819,1,18,0,5,179,1,0,0,0,0,1,0.72,145,0,0,1,2,1,0,0,0
0,1,0,0.0,3.85182322555177,1,21,0,5,188,1,0,0,0,0,1,0.75,85,0,0,1,2,1,0,0,0
0,1,0,0.0,3.42192809488736,1,13,0,5,0,1,0,0,0,0,1,0.65,86,0,0,1,2,1,0,0,0
0,1,0,0.0,3.36030597770208,1,16,0,5,109,1,0,0,0,0,1,0.695652173913044,49,0,0,1,2,1,0,0,0
0,0,0,0.0,3.86346518960165,1,18,0,5,69,1,0,0,0,0,0,0.72,0,0,0,1,2,1,0,0,0
0,1,0,0.0,3.81008102052173,1,20,0,6,264,1,0,0,0,0,1,0.740740740740741,138,0,0,1,3,0,0,0,0
0,1,0,0.0,3.38418371977919,1,13,0,5,134,1,0,0,0,0,0,0.65,30,0,0,1,2,1,0,0,0
0,1,0,0.0,3.72850211574263,1,22,0,5,21,1,0,0,0,0,1,0.758620689655172,14,0,0,1,2,1,0,0,0
0,0,0,0.0,4.05422929667218,1,25,0,6,108,1,0,0,0,0,0,0.78125,0,0,0,1,3,1,0,0,0
0,0,0,0.0,3.46132014021101,1,11,0,5,153,1,0,0,0,0,0,0.611111111111111,0,0,0,1,2,0,0,0,0
0,0,0,0.0,3.92102962173762,1,19,0,6,0,1,0,0,0,0,0,0.730769230769231,0,0,0,1,3,1,0,0,0
0,1,0,0.0,3.44643934467102,1,13,0,5,50,1,0,0,0,0,1,0.65,106,0,0,1,2,1,1,0,0
0,0,0,0.0,3.73600694644766,1,20,0,5,0,1,0,0,0,0,0,0.740740740740741,0,0,0,1,2,1,0,0,0
0,0,0,0.0,3.48171457298607,1,15,0,6,405,1,0,0,0,0,0,0.681818181818182,0,0,0,1,3,0,0,0,0
0,1,0,0.0,3.75444184571335,1,15,0,5,211,1,0,0,0,0,0,0.681818181818182,51,0,0,1,2,0,0,0,0
0,1,0,0.0,3.95822916866988,1,20,0,6,130,1,0,0,0,0,1,0.740740740740741,1,0,0,1,3,0,0,0,0
0,0,0,0.0,3.7489948035251,1,14,0,5,0,1,0,0,0,0,0,0.666666666666667,0,0,0,1,2,1,0,0,0
0,1,0,0.0,4.03230324274395,1,20,0,5,51,1,0,0,0,0,1,0.740740740740741,4,0,0,1,2,1,0,0,0
0,1,0,0.0,3.8841550945958,1,20,0,5,49,1,0,0,0,0,1,0.740740740740741,75,0,0,1,2,1,0,0,0
0,1,0,0.0,3.69026039096838,1,19,0,5,59,1,0,0,0,0,1,0.730769230769231,0,0,0,1,2,0,1,0,0
0,1,0,0.0,3.46132014021101,1,11,0,5,68,1,0,0,0,0,0,0.611111111111111,22,0,0,1,2,1,0,0,0
0,1,0,0.0,3.81437194317963,1,22,0,6,48,1,0,0,0,0,1,0.758620689655172,82,0,0,1,3,1,0,0,0
0,0,0,0.0,3.44740150470592,1,15,0,6,298,1,0,0,0,0,0,0.681818181818182,0,0,0,1,3,0,0,0,0
0,1,0,0.0,3.76396574282408,1,20,0,5,133,1,0,0,0,0,1,0.740740740740741,162,0,0,1,2,1,0,0,0
0,1,0,0.0,3.65366068968819,1,18,0,5,122,1,0,0,0,0,1,0.72,44,0,0,1,2,1,0,0,0
0,0,0,0.0,3.60693673217532,1,15,0,5,0,1,0,0,0,0,0,0.681818181818182,0,0,0,1,2,1,0,0,0
0,1,0,0.0,3.48307418942857,1,18,0,5,0,1,0,0,0,0,0,0.72,3,0,0,1,2,1,0,0,0
0,1,0,0.0,4.10701770959536,1,29,0,6,178,1,0,0,0,0,1,0.805555555555556,37,0,0,1,3,1,0,0,0
0,1,0,0.0,3.555533151427,1,16,0,5,0,1,0,0,0,0,0,0.695652173913044,0,0,0,1,2,1,0,0,0
0,1,0,0.0,3.48418371977919,1,13,0,5,0,1,0,0,0,0,0,0.65,12,0,0,1,2,1,0,0,0
0,0,0,0.0666666666666666,3.78494182743764,1,14,0,5,381,1,0,0,1,0,1,0.666666666666667,6,0,0,0,2,1,0,0,0
0,0,0,0.0,3.93957226198672,1,23,0,5,0,1,0,0,0,0,0,0.766666666666667,0,0,0,1,2,1,0,0,0
0,1,0,0.0,3.62117554291947,1,16,0,5,111,1,0,0,0,0,1,0.695652173913044,0,0,0,1,2,1,0,0,0
0,1,0,0.0,3.57243125132212,1,11,0,5,323,1,0,0,0,0,1,0.611111111111111,11,0,0,1,2,1,1,0,0
0,1,0,0.0,3.74420356831181,1,24,0,5,148,1,0,0,0,0,1,0.774193548387097,57,0,0,1,2,1,0,0,0
0,1,0,0.0,3.46132014021101,1,11,0,5,22,1,0,0,0,0,0,0.611111111111111,1,0,0,1,2,1,1,0,0
0,1,0,0.0,3.84922391239062,1,16,0,5,0,1,0,0,0,0,1,0.695652173913044,0,0,0,1,2,1,0,0,0
0,1,0,0.0,3.46132014021101,1,11,0,5,109,1,0,0,0,0,0,0.611111111111111,6,0,0,1,2,1,1,0,0
0,0,0,0.0,3.83326968951511,1,18,0,5,118,1,0,0,0,0,0,0.72,0,0,0,1,2,1,0,0,0
0,0,0,0.0,3.44643934467102,0,13,0,6,171,1,0,0,0,0,0,0.65,0,0,0,1,3,0,0,0,0
0,1,0,0.0,3.88582806913643,1,24,0,6,20,1,0,0,0,0,1,0.774193548387097,1,0,0,0,2,1,0,1,0
0,0,0,0.0,3.68374218183029,1,24,0,6,0,1,0,0,0,0,0,0.774193548387097,0,0,0,1,3,0,0,0,0
0,1,0,0.0,3.73366068968819,1,18,0,5,2,1,0,0,0,0,0,0.72,30,0,0,1,2,1,0,0,0
0,1,0,0.0,3.60693673217532,1,15,0,5,138,1,0,0,0,0,0,0.681818181818182,1,0,0,1,2,0,1,0,0
0,1,0,0.0,3.52192809488736,1,13,0,5,107,1,0,0,0,0,1,0.65,43,0,0,1,2,1,1,0,0
0,0,0,0.0,4.09806851205884,0,23,0,6,0,1,0,0,0,0,0,0.766666666666667,0,0,0,1,3,0,0,0,0
0,0,0,0.0,3.555533151427,0,16,0,6,0,1,0,0,0,0,0,0.695652173913044,0,0,0,1,3,0,0,0,0
0,0,0,0.0,3.63684218813101,0,17,0,5,0,1,0,0,0,0,0,0.708333333333333,0,0,0,1,2,1,0,0,0
0,0,0,0.0,3.57661764490867,1,12,0,5,89,1,0,0,0,0,0,0.631578947368421,0,0,0,1,2,1,0,0,0
0,1,0,0.0,3.88684218813101,1,17,0,5,37,1,0,0,0,0,1,0.708333333333333,5,0,0,1,2,1,1,0,0
8,1,0,0.0,4.08172767886974,1,23,0,6,6,1,0,0,0,0,0,0.766666666666667,0,1,0,0,2,1,0,1,0
9,1,0,0.0,3.94346518960165,1,18,0,5,180,1,0,0,0,0,0,0.72,147,3,0,1,2,1,0,0,0
9,1,0,0.0,3.54346518960165,1,18,0,5,13,1,0,0,0,0,0,0.72,25,6,0,1,2,0,0,0,0
9,1,0,0.0,3.96900162987599,1,16,0,5,257,1,0,0,0,0,1,0.695652173913044,27,0,0,1,2,1,1,0,0
9,0,0,0.0,3.71593218551503,1,22,0,5,0,1,0,0,0,0,0,0.758620689655172,0,2,0,1,2,1,0,0,0
9,0,0,0.0,3.47135448701393,1,12,0,5,0,1,0,0,0,0,0,0.631578947368421,0,8,0,1,2,1,0,0,0
11,0,0,0.0,3.76226739065149,1,16,0,6,0,1,0,0,0,0,0,0.695652173913044,0,1,0,1,3,1,0,0,0
9,1,0,0.0,4.11672929667218,1,25,0,5,99,1,0,0,0,0,0,0.78125,92,10,0,1,2,1,0,0,0
9,1,0,0.0,3.51602764126623,1,15,0,5,384,1,0,0,0,0,1,0.681818181818182,17,2,0,1,2,1,1,0,0
9,1,0,0.133333333333333,3.75444184571335,1,15,0,5,115,1,0,0,2,0,0,0.681818181818182,60,0,0,0,2,1,0,0,0
13,0,0,0.0,3.55851861304891,0,14,0,6,0,1,0,0,0,0,0,0.666666666666667,0,0,0,1,3,1,0,0,0
37,0,0,0.0,3.7081320646586,0,16,0,5,0,1,0,0,0,0,0,0.695652173913044,0,0,0,1,2,1,0,0,0
13,0,0,0.0,3.95822916866988,1,20,0,5,0,1,0,0,0,0,0,0.740740740740741,0,2,0,1,2,1,0,0,0
9,1,0,0.0,3.87323582637633,1,24,0,5,259,1,0,0,0,0,1,0.774193548387097,68,12,0,1,2,1,0,0,0
9,0,0,0.0,3.99172929667217,1,25,0,6,0,1,0,0,0,0,0,0.78125,0,11,0,1,3,1,0,0,0
9,0,0,0.0,3.95822916866988,1,20,0,5,349,1,0,0,0,0,0,0.740740740740741,0,0,0,1,2,1,0,0,0
34,0,0,0.0,4.03914867190307,1,21,0,5,0,1,0,0,0,0,0,0.75,0,0,0,1,2,1,0,0,0
9,1,0,0.0,3.7720552088742,1,17,0,5,6,1,0,0,0,0,1,0.708333333333333,0,5,0,1,2,1,0,0,0
9,1,0,0.0,3.58418371977919,1,13,0,5,56,1,0,0,0,0,0,0.65,72,10,0,1,2,1,0,0,0
9,1,0,0.0,3.42733349389827,1,14,0,5,99,1,0,0,0,0,1,0.666666666666667,2,9,0,1,2,1,0,0,0
9,1,0,0.0,4.22016768128483,1,24,0,5,26,1,0,0,0,0,1,0.774193548387097,31,11,0,1,2,1,1,0,0
9,1,0,0.0,3.64248967316613,1,16,0,6,146,1,0,0,0,0,1,0.695652173913044,76,2,0,1,3,0,0,0,0
9,1,0,0.0,3.91340074566138,1,24,0,7,52,1,0,0,0,0,1,0.774193548387097,16,2,0,0,3,1,1,1,0
32,0,0,0.0,3.59448250651942,0,19,0,5,0,1,0,0,0,0,0,0.730769230769231,0,0,0,1,2,1,0,0,0
9,1,0,0.0,3.97909789113481,1,19,0,5,263,1,0,0,0,0,1,0.730769230769231,20,1,0,1,2,1,0,0,0
60,1,0,0.0,4.05656476213096,1,23,0,5,0,1,0,0,0,0,0,0.766666666666667,0,0,0,1,2,1,0,0,0
9,1,0,0.0,3.46132014021101,1,11,0,5,51,1,0,0,0,0,1,0.611111111111111,36,0,0,1,2,1,0,0,0
45,0,0,0.0,3.73366068968819,1,18,0,5,0,1,0,0,0,0,0,0.72,0,0,0,1,2,1,0,0,0
57,1,0,0.0,3.3502090290999,1,11,0,5,80,1,0,0,0,0,1,0.611111111111111,0,1,0,1,2,1,0,0,0
9,1,0,0.166666666666667,4.05602096805788,1,19,0,5,24,1,0,0,3,0,0,0.730769230769231,156,1,0,0,2,1,0,0,0
9,0,0,0.0,3.79192453920051,1,20,0,5,0,1,0,0,0,0,0,0.740740740740741,0,6,0,1,2,1,0,0,0
9,1,0,0.0,4.24618875699095,1,32,0,6,0,1,0,0,0,0,0,0.820512820512821,0,1,0,1,3,1,0,0,0
26,0,0,0.0,3.95822916866988,0,20,0,5,0,1,0,0,0,0,0,0.740740740740741,0,0,0,1,2,1,0,0,0
9,1,0,0.0,3.40398944648526,1,14,0,5,65,1,0,0,0,0,1,0.666666666666667,389,2,0,1,2,1,0,0,0
9,0,0,0.0,3.83496250072116,1,17,0,5,175,1,0,0,0,0,0,0.708333333333333,0,12,0,1,2,1,0,0,0
9,1,0,0.0,3.79508858639773,1,16,0,5,94,1,0,0,0,0,0,0.695652173913044,1,2,0,1,2,0,1,0,0
9,1,0,0.0,4.07290559532006,1,23,0,5,882,1,0,0,0,0,1,0.766666666666667,162,4,0,1,2,1,0,0,0
9,1,0,0.0,3.68970373219955,1,14,0,5,127,1,0,0,0,0,1,0.666666666666667,2,2,0,1,2,0,1,0,0
9,1,0,0.0,3.57661764490867,1,12,0,5,81,1,0,0,0,0,1,0.631578947368421,47,2,0,1,2,1,0,0,0
9,1,0,0.0,3.96132014021101,1,29,0,5,53,1,0,0,0,0,1,0.805555555555556,14,10,0,1,2,1,0,0,0
9,0,0,0.0,3.41938194564637,1,11,0,5,0,1,0,0,0,0,0,0.611111111111111,0,2,0,1,2,0,0,0,0
14,0,0,0.0,3.78039465412319,1,21,0,5,0,1,0,0,0,0,0,0.75,0,0,0,1,2,1,0,0,0
9,1,0,0.0,3.60538854220753,1,17,0,6,0,1,0,0,0,0,1,0.708333333333333,25,1,0,1,3,1,0,0,0
9,1,0,0.0,3.65726822961739,1,17,0,5,0,1,0,0,0,0,1,0.708333333333333,54,1,0,1,2,1,0,0,0
130,0,0,0.0,3.79621760259006,0,19,0,5,0,1,0,0,0,0,0,0.730769230769231,0,0,0,1,2,0,0,0,0
9,3,0,0.0,3.78494182743764,1,14,0,5,124,1,0,0,0,0,1,0.666666666666667,12,0,0,1,2,1,1,0,0
8,1,0,0.0,3.57661764490867,1,12,0,5,3,1,0,0,0,0,0,0.631578947368421,0,1,0,1,2,1,0,0,0
12,1,0,0.0,3.97366068968819,1,18,0,5,403,1,0,0,0,0,1,0.72,26,12,0,1,2,1,0,0,0
16,1,0,0.0,3.43045702550056,1,19,0,5,153,1,0,0,0,0,0,0.730769230769231,59,11,0,1,2,1,0,0,0
9,1,0,0.0,3.89473966305518,1,23,0,5,0,1,0,0,0,0,1,0.766666666666667,8,2,0,1,2,0,1,0,0
22,1,0,0.0,3.92385618977473,1,18,0,5,293,1,0,0,0,0,1,0.72,85,0,0,1,2,1,0,0,0
9,0,0,0.0,3.64124980045548,1,15,0,5,0,1,0,0,0,0,0,0.681818181818182,0,2,0,1,2,1,0,0,0
9,1,0,0.0,3.90936806394388,1,22,0,5,900,1,0,0,0,0,1,0.758620689655172,12,3,0,1,2,1,0,0,0
9,1,0,0.0,3.57078228653752,1,26,0,5,2,1,0,0,0,0,0,0.787878787878788,16,1,0,1,2,1,0,0,0
17,0,0,0.0,4.12728313431329,0,26,0,6,0,1,0,0,0,0,0,0.787878787878788,0,0,0,1,3,0,0,0,0
9,1,0,0.0,3.88684218813101,1,17,0,5,66,1,0,0,0,0,1,0.708333333333333,31,2,0,1,2,1,0,0,0
38,0,0,0.0,4.01218840396866,1,21,0,5,0,1,0,0,0,0,0,0.75,0,0,0,1,2,1,0,0,0
8,0,0,0.0,3.98319563424773,1,26,0,5,0,1,0,0,0,0,0,0.787878787878788,0,1,0,1,2,0,0,0,0
9,1,0,0.0,3.85538854220753,1,17,0,5,18,1,0,0,0,0,1,0.708333333333333,9,3,0,1,2,1,0,0,0
9,0,0,0.0,3.47135448701393,1,12,0,5,285,1,0,0,0,0,0,0.631578947368421,0,2,0,1,2,1,0,0,0
9,1,0,0.0,3.86346518960165,1,18,0,5,74,1,0,0,0,0,0,0.72,2,2,0,1,2,1,1,0,0
9,1,0,0.0,3.55350885479768,1,17,0,5,313,1,0,0,0,0,1,0.708333333333333,2,0,0,1,2,0,0,0,0
15,1,0,0.0,3.57243125132212,1,11,0,5,170,1,0,0,0,0,1,0.611111111111111,59,0,0,1,2,1,0,0,0
31,1,0,0.0,3.69784582308441,1,15,0,5,2,0,0,0,0,0,0,0.681818181818182,3,0,0,1,2,1,0,0,0
9,1,0,0.0,4.11672929667218,1,25,0,6,13,1,0,0,0,0,1,0.78125,24,0,0,1,3,1,0,0,0
17,1,0,0.0,3.88204510813686,1,16,0,5,0,1,0,0,0,0,0,0.695652173913044,0,0,0,1,2,1,0,0,0
26,0,0,0.0,4.04243300372589,0,24,0,5,0,1,0,0,0,0,0,0.774193548387097,0,0,0,1,2,0,0,0,0
14,1,0,0.0,3.66353275480426,1,15,0,5,100,1,0,0,0,0,1,0.681818181818182,19,5,0,1,2,1,0,0,0
9,1,0,0.0,3.53688672374217,1,12,0,5,147,1,0,0,0,0,1,0.631578947368421,84,0,0,1,2,1,0,0,0
9,0,0,0.0,3.57243125132212,1,11,0,5,134,1,0,0,0,0,0,0.611111111111111,0,7,0,1,2,0,0,0,0
9,0,0,0.0,4.03914867190307,1,21,0,5,0,1,0,0,0,0,0,0.75,0,8,0,1,2,1,0,0,0
9,1,0,0.0,4.0433370526326,1,31,0,5,67,1,0,0,0,0,1,0.815789473684211,26,0,0,1,2,1,0,0,0
17,1,0,0.0,3.53688672374217,1,12,0,5,2,1,0,0,0,0,1,0.631578947368421,0,0,0,1,2,1,0,0,0
19,0,0,0.0,3.44643934467102,1,13,0,5,321,1,0,0,0,0,0,0.65,0,4,0,1,2,1,0,0,0
9,1,0,0.0,3.57661764490867,1,12,0,5,37,1,0,0,0,0,0,0.631578947368421,0,2,0,1,2,1,0,0,0
9,1,0,0.0,3.96473517872551,1,23,0,6,82,1,0,0,0,0,1,0.766666666666667,18,2,0,0,2,1,1,1,0
9,1,0,0.0,3.91211389097223,1,20,0,6,55,1,0,0,0,0,0,0.740740740740741,124,11,0,0,2,1,1,1,0
11,1,0,0.0,3.84922391239062,1,16,0,5,169,1,0,0,0,0,0,0.695652173913044,28,1,0,1,2,1,0,0,0
17,0,0,0.0,3.81366068968819,1,18,0,5,0,1,0,0,0,0,0,0.72,0,0,0,1,2,1,0,0,0
9,0,0,0.0,3.79508858639773,1,16,0,5,269,1,0,0,0,0,0,0.695652173913044,0,2,0,1,2,1,0,0,0
9,1,0,0.0,3.85538854220753,1,17,0,5,72,1,0,0,0,0,1,0.708333333333333,1,5,0,1,2,1,1,0,0
9,0,0,0.0,3.46132014021101,1,11,0,5,0,1,0,0,0,0,0,0.611111111111111,0,2,0,1,2,1,0,0,0
8,1,0,0.0,4.28468381031709,1,24,0,5,251,1,0,0,0,0,1,0.774193548387097,0,0,0,1,2,0,1,0,0
11,1,0,0.0,3.64643934467102,1,13,0,5,180,1,0,0,0,0,1,0.65,62,10,0,1,2,1,0,0,0
8,1,0,0.0,4.03063906222957,1,25,0,5,1,1,0,0,0,0,0,0.78125,5,1,0,1,2,1,0,0,0
8,1,0,0.0,3.77143702946113,1,22,0,6,236,1,0,0,0,0,1,0.758620689655172,2,1,0,1,3,1,0,0,0
9,1,0,0.0,3.97351275357601,1,27,0,7,278,1,0,0,0,0,1,0.794117647058824,39,3,0,0,2,1,0,2,0
9,1,0,0.0,3.91340074566138,1,24,0,6,33,1,0,0,0,0,0,0.774193548387097,2,1,0,0,2,0,0,1,0
24,0,0,0.0,3.81506101220307,1,23,0,5,0,1,0,0,0,0,0,0.766666666666667,0,0,0,1,2,1,0,0,0
9,1,0,0.0,3.70689059560852,1,23,0,5,365,1,0,0,0,0,1,0.766666666666667,57,0,0,1,2,1,0,0,0
9,0,0,0.0,3.32733990008351,1,14,0,5,0,1,0,0,0,0,0,0.666666666666667,0,0,0,1,2,0,0,0,0
9,1,0,0.0,3.78834133965675,1,22,0,6,24,1,0,0,0,0,0,0.758620689655172,2,0,0,1,3,1,0,0,0
9,1,0,0.0,3.75444184571335,1,15,0,5,188,1,0,0,0,0,1,0.681818181818182,57,0,0,1,2,1,0,0,0
9,3,0,0.0,3.72017552146435,1,17,0,5,66,1,0,0,0,0,1,0.708333333333333,19,2,0,1,2,1,0,0,0
9,0,0,0.0,3.76385618977473,1,18,0,5,138,1,0,0,0,0,0,0.72,0,2,0,1,2,1,0,0,0
9,1,0,0.0,3.91340074566138,1,24,0,5,31,1,0,0,0,0,1,0.774193548387097,30,2,0,1,2,1,1,0,0
9,0,0,0.0,4.11626461566802,1,22,0,5,0,1,0,0,0,0,0,0.758620689655172,0,6,0,1,2,1,0,0,0
8,1,0,0.0,3.93957226198672,1,23,0,5,37,1,0,0,0,0,1,0.766666666666667,122,11,0,1,2,1,0,0,0
9,1,0,0.0,3.74060156295072,1,17,0,6,51,1,0,0,0,0,0,0.708333333333333,12,11,0,1,3,1,0,0,0
9,0,0,0.0,4.11057724333164,1,21,0,5,0,1,0,0,0,0,0,0.75,0,0,0,1,2,1,0,0,0
8,1,0,0.0,3.96900162987599,1,16,0,5,4,1,0,0,0,0,1,0.695652173913044,12,0,0,1,2,1,0,0,0
27,0,0,0.0,4.18200581476021,0,21,0,5,0,1,0,0,0,0,0,0.75,0,0,0,1,2,0,0,0,0
9,0,0,0.0,3.7887549139935,1,15,0,5,0,1,0,0,0,0,0,0.681818181818182,0,0,0,1,2,1,0,0,0
8,1,0,0.0,4.01307092910385,1,27,0,6,71,1,0,0,0,0,1,0.794117647058824,3,10,0,1,3,1,0,0,0
8,0,0,0.0,3.73215889136457,1,15,0,5,0,1,0,0,0,0,0,0.681818181818182,0,9,0,1,2,1,0,0,0
8,1,0,0.0,3.86933126111152,0,21,0,6,276,1,0,0,0,0,0,0.75,8,1,0,1,3,1,1,0,0
15,1,0,0.0,3.7720552088742,1,17,0,6,288,1,0,0,0,0,0,0.708333333333333,0,0,0,1,3,1,0,0,0
8,0,0,0.0,3.95230297766239,1,22,0,5,0,1,0,0,0,0,0,0.758620689655172,0,11,0,1,2,1,0,0,0
9,1,0,0.0,3.653756708287,1,14,0,5,157,1,0,0,0,0,0,0.666666666666667,0,2,0,1,2,1,0,0,0
26,1,0,0.0,3.3502090290999,1,11,0,5,3,1,0,0,0,0,1,0.611111111111111,1,11,0,1,2,1,1,0,0
8,0,0,0.0625,3.7887549139935,1,15,0,5,0,1,0,0,1,0,0,0.681818181818182,0,2,0,0,2,1,0,0,0
9,1,0,0.0,3.68872187554087,1,17,0,5,280,1,0,0,0,0,1,0.708333333333333,149,4,0,1,2,1,0,0,0
12,1,0,0.0,3.95006375643621,1,19,0,5,32,1,0,0,0,0,0,0.730769230769231,13,10,0,1,2,1,0,0,0
9,0,0,0.0,3.61057724333164,1,21,0,5,0,1,0,0,0,0,1,0.75,19,12,0,1,2,1,0,0,0
8,1,0,0.0,3.79621760259006,1,19,0,5,68,1,0,0,0,0,1,0.730769230769231,38,1,0,1,2,1,0,0,0
9,1,0,0.0,3.57661764490867,1,12,0,5,300,1,0,0,0,0,1,0.631578947368421,164,11,0,1,2,1,1,0,0
0,0,0,0.176470588235294,3.95006375643621,0,19,0,6,0,1,0,0,3,0,0,0.730769230769231,0,0,0,1,3,1,0,0,0
0,0,0,0.0,3.87966400490259,1,15,0,5,11,1,0,0,0,0,0,0.681818181818182,0,0,0,1,2,1,0,0,0
0,0,0,0.0,3.70804815007123,0,20,0,6,0,1,0,0,0,0,0,0.740740740740741,0,0,0,0,2,0,0,1,0
0,1,0,0.0,3.86346518960165,1,18,0,6,287,1,0,0,0,0,0,0.72,1,0,0,1,3,0,0,0,0
0,1,0,0.0,3.87966400490259,1,15,0,5,113,1,0,0,0,0,1,0.681818181818182,12,0,0,1,2,1,0,0,0
0,1,0,0.0,3.95822916866988,1,20,0,5,242,1,0,0,0,0,1,0.740740740740741,215,0,0,1,2,1,0,0,0
0,1,0,0.0,4.0667842134731,1,24,0,5,65,1,0,0,0,0,0,0.774193548387097,34,0,0,1,2,1,0,0,0
0,1,0,0.0,3.90936806394388,1,22,0,5,18,1,0,0,0,0,0,0.758620689655172,5,0,0,1,2,1,1,0,0
0,1,0,0.0,4.01218840396866,1,21,0,6,27,1,0,0,0,0,0,0.75,85,0,0,1,3,1,1,0,0
0,0,0,0.0,4.21952828229955,1,27,0,5,0,1,0,0,0,0,0,0.794117647058824,0,0,0,1,2,1,0,0,0
0,0,0,0.0,4.02698683335929,1,19,0,5,25,1,0,0,0,0,0,0.730769230769231,9,0,0,1,2,1,1,0,0
0,1,0,0.0,3.89366068968819,1,18,0,6,142,1,0,0,0,0,1,0.72,0,0,0,1,3,0,0,0,0
0,1,0,0.0,3.95822916866988,1,20,0,6,58,1,0,0,0,0,1,0.740740740740741,22,0,0,1,3,1,1,0,0
0,0,0,0.0,3.784941827,1,14,0,5,88,1,0,0,0,0,0,0.666666667,0,0,0,1,2,1,0,0,0
0,1,0,0.0,3.572623664,1,15,0,6,154,1,0,0,0,0,0,0.681818182,4,0,0,1,3,1,0,0,0
0,0,0,0.0,3.67326969,0,18,0,5,0,1,0,0,0,0,0,0.72,0,0,0,1,2,1,0,0,0
0,1,0,0.0,4.012188404,1,21,0,5,40,1,0,0,0,0,1,0.75,7,0,0,1,2,1,0,0,0
0,1,0,0.0,3.605388542,1,17,0,6,44,1,0,0,0,0,1,0.708333333,1,0,0,1,3,0,0,0,0
0,1,0,0.0,3.944548828,1,25,0,5,101,1,0,0,0,0,1,0.78125,97,0,0,1,2,1,0,0,0
0,0,0,0.0,3.912113891,1,20,0,6,0,1,0,0,0,0,0,0.740740741,0,0,0,0,2,1,0,1,0
0,1,0,0.0,3.40869497,1,13,0,5,0,1,0,0,0,0,0,0.65,4,0,0,1,2,1,0,0,0
0,0,0,0.0,4.123231429,1,23,0,5,270,1,0,0,0,0,0,0.766666667,0,0,0,1,2,1,0,0,0
0,0,0,0.0,3.663532755,1,15,0,5,0,1,0,0,0,0,0,0.681818182,0,0,0,1,2,1,0,0,0
0,1,0,0.0,3.896291529,1,21,0,5,189,1,0,0,0,0,0,0.75,73,0,0,1,2,1,0,0,0
0,1,0,0.0,3.97366069,1,18,0,5,203,1,0,0,0,0,1,0.72,74,0,0,1,2,1,0,0,0
0,1,0,0.0,3.573934896,0,17,0,5,32,1,0,0,0,0,1,0.708333333,8,0,0,1,2,1,0,0,0
0,0,0,0.0,3.708132065,0,16,0,6,0,1,0,0,0,0,0,0.695652174,0,0,0,0,2,0,0,1,0
0,0,0,0.0,3.51326969,1,18,0,5,170,1,0,0,0,0,0,0.72,0,0,0,1,2,0,0,0,0
0,0,0,0.0,3.58418372,1,13,0,5,0,1,0,0,0,0,0,0.65,0,0,0,1,2,1,0,0,0
0,0,0,0.0,3.427333494,1,14,0,5,1,1,0,0,0,0,0,0.666666667,0,0,0,1,2,1,0,0,0
0,0,0,0.0,3.762267391,1,16,0,6,0,1,0,0,0,0,0,0.695652174,0,0,0,1,3,0,0,0,0
0,1,0,0.0,3.368042423,1,14,0,6,146,1,0,0,0,0,1,0.666666667,6,0,0,1,3,1,1,0,0
0,0,0,0.0,4.104243669,1,29,0,5,163,1,0,0,0,0,0,0.805555556,0,0,0,1,2,1,0,0,0
0,0,0,0.0,3.675310869,1,16,0,5,0,1,0,0,0,0,0,0.695652174,0,0,0,1,2,1,0,0,0
0,0,0,0.0,3.796217603,1,19,0,5,0,1,0,0,0,0,0,0.730769231,0,0,0,1,2,1,0,0,0
0,0,0,0.0,3.65726823,0,17,0,6,0,1,0,0,0,0,0,0.708333333,0,0,0,0,2,0,0,1,0
0,0,0,0.266666667,3.855388542,1,17,0,5,0,1,0,0,4,0,0,0.708333333,0,0,0,0,2,1,0,0,0
0,1,0,0.0,4.090234012,1,22,0,5,3,1,0,0,0,0,0,0.75862069,0,0,0,1,2,0,0,0,0
0,0,0,0.0,3.572623664,1,15,0,5,241,1,0,0,0,0,0,0.681818182,1,0,0,1,2,0,0,0,0
0,0,0,0.0,3.726474118,1,21,0,5,121,1,0,0,0,0,0,0.75,0,0,0,1,2,1,0,0,0
0,0,0,0.0,4.026986833,0,19,0,6,0,1,0,0,0,0,0,0.730769231,0,0,0,1,3,1,0,0,0
0,1,0,0.0,3.896291529,1,21,0,5,27,1,0,0,0,0,1,0.75,1,0,0,1,2,1,0,0,0
0,1,0,0.0,3.762267391,1,16,0,5,26,1,0,0,0,0,0,0.695652174,5,0,0,1,2,1,0,0,0
0,0,0,0.0,3.68418372,1,13,0,5,0,1,0,0,0,0,0,0.65,0,0,0,1,2,1,0,0,0
8,1,0,0.0,3.350209029,1,11,0,5,28,1,0,0,0,0,1,0.611111111,23,1,0,1,2,1,1,0,0
9,0,0,0.0,3.576617645,1,12,0,5,0,1,0,0,0,0,0,0.631578947,0,0,0,1,2,0,0,0,0
9,1,0,0.0,3.882045108,1,16,0,5,51,1,0,0,0,0,1,0.695652174,24,2,0,1,2,0,0,0,0
8,1,0,0.0,3.73366069,1,18,0,5,12,1,0,0,0,0,0,0.72,34,1,0,1,2,1,0,0,0
0,0,0,0.0,3.792837797,1,25,0,6,0,1,0,0,0,0,0,0.78125,0,0,0,1,3,1,0,0,0
0,1,0,0.0,3.553508855,1,17,0,5,165,1,0,0,0,0,1,0.708333333,64,0,0,1,2,1,1,0,0
0,0,0,0.0,3.46132014,1,11,0,5,0,1,0,0,0,0,0,0.611111111,0,0,0,1,2,0,0,0,0
0,0,0,0.0,3.950063756,1,19,0,5,42,1,0,0,0,0,0,0.730769231,20,0,0,1,2,1,0,0,0
0,0,0,0.0,4.288909766,1,25,0,5,1,1,0,0,0,0,0,0.78125,0,0,0,1,2,1,0,0,0
0,1,0,0.0,3.87314068,1,19,0,5,97,1,0,0,0,0,1,0.730769231,13,0,0,1,2,1,0,0,0
0,1,0,0.0,3.948394346,1,23,0,5,103,1,0,0,0,0,1,0.766666667,72,0,0,1,2,1,0,0,0
0,1,0,0.0,3.181366329,1,12,0,5,15,1,0,0,0,0,0,0.631578947,0,0,0,1,2,0,0,0,0
0,1,0,0.0,3.950063756,1,19,0,5,395,1,0,0,0,0,0,0.730769231,122,0,0,1,2,1,0,0,0
0,0,0,0.0,3.831401845,1,23,0,6,175,1,0,0,0,0,0,0.766666667,0,0,0,1,3,0,0,0,0
0,1,0,0.0,3.576617645,1,12,0,5,35,1,0,0,0,0,1,0.631578947,10,0,0,1,2,1,1,0,0
0,0,0,0.0,3.45482239994661,1,10,0,5,0,1,0,0,0,0,0,0.588235294117647,0,0,0,1,2,1,0,0,0
0,1,0,0.0,3.97057309581169,1,15,0,6,44,1,0,0,0,0,0,0.681818181818182,1,0,0,0,2,1,0,1,0
0,1,0,0.0,3.62437970165111,1,22,0,5,80,1,0,0,0,0,1,0.758620689655172,19,0,0,1,2,0,0,0,0
0,0,0,0.0,3.97017552146435,1,17,0,6,0,1,0,0,0,0,0,0.708333333333333,0,0,0,0,2,1,0,1,0
0,0,0,0.0,4.03140184539217,1,23,0,6,0,1,0,0,0,0,0,0.766666666666667,0,0,0,1,3,1,0,0,0
0,1,0,0.0,3.32636040795269,1,12,0,5,123,1,0,0,0,0,1,0.631578947368421,0,0,0,1,2,0,1,0,0
0,1,0,0.0,3.78494182743764,1,14,0,5,85,1,0,0,0,0,1,0.666666666666667,2,0,0,1,2,1,1,0,0
0,1,0,0.0,4.08746284125034,1,27,0,5,6,1,0,0,0,0,0,0.794117647058824,1,0,0,1,2,1,0,0,0
23,0,0,0.0,4.15235580465911,1,21,0,11,0,1,0,0,0,1,0,0.368421052631579,0,0,1,1,5,1,0,0,1
24,0,0,0.0,3.94454882778696,1,24,0,5,0,1,0,0,0,0,0,0.75,0,0,1,1,2,1,0,0,1
48,0,0,0.0434782608695652,3.61955927061137,1,24,0,9,0,1,0,0,1,0,0,0.727272727272727,0,0,1,1,3,0,0,2,1
18,0,0,0.0,4.11946407848431,1,14,0,11,0,1,0,0,0,0,0,0.259259259259259,1,0,1,1,3,1,0,2,1
0,0,0,0.0,3.89806851205884,0,21,0,8,0,1,0,0,0,0,0,0.7,0,0,1,0,2,1,0,2,1
0,0,1,0.0,4.36681414690434,0,22,0,18,0,0,0,1,0,1,0,0.224489795918367,0,0,1,1,6,1,0,1,1
0,0,0,0.0,3.8767486969558,0,34,0,8,0,1,1,0,0,0,0,0.790697674418605,0,0,1,1,4,1,0,0,1
9,0,0,0.302325581395349,5.37928461688281,0,19,0,15,0,1,0,0,26,0,0,0.149606299212598,0,0,1,1,3,1,0,6,1
15,0,0,0.0,4.07610317099672,0,20,0,7,0,1,1,0,0,0,0,0.526315789473684,0,0,0,0,2,1,0,1,1
9,0,0,0.0864197530864197,4.63626810012777,1,23,0,8,0,1,0,0,7,0,0,0.239583333333333,0,0,1,0,2,1,0,1,1
0,0,0,0.16,4.03600694533096,1,27,0,6,0,1,0,0,4,0,0,0.771428571428572,0,0,1,0,3,1,0,0,1
0,0,0,0.148648648648649,4.75813108187319,0,84,0,7,0,1,0,0,11,0,0,0.91304347826087,0,0,1,1,4,1,0,0,1
0,0,0,0.0,4.038499898783,0,30,0,7,0,1,0,0,0,0,0,0.769230769230769,0,0,1,1,3,1,0,0,1
0,0,0,0.175,4.38147392334846,1,33,0,8,0,1,0,0,7,0,0,0.6,0,0,1,0,4,1,0,0,1
0,0,0,0.0204081632653061,4.30357217445724,0,26,0,12,0,1,0,0,1,0,0,0.419354838709677,0,0,1,1,5,0,0,0,1
0,0,0,0.0806451612903225,5.17875352380037,0,15,0,8,0,1,0,0,5,0,0,0.2,0,0,1,0,2,1,0,1,1
32,0,0,0.0,3.46315746883167,0,18,0,7,0,0,0,0,0,0,0,0.545454545454545,0,0,1,1,3,0,0,0,1
0,0,0,0.074074074074074,4.22900373110706,0,27,0,6,0,1,0,0,2,0,0,0.771428571428572,0,0,1,1,3,1,0,0,1
0,0,0,0.0454545454545454,4.23966831595366,0,47,0,10,0,1,0,0,2,0,0,0.839285714285714,0,0,1,1,3,0,0,3,1
0,0,0,0.0,4.13801310177191,0,27,0,11,0,1,0,0,0,1,0,0.435483870967742,0,0,1,1,5,1,0,0,1
0,0,0,0.163636363636364,5.05410977328068,0,11,0,8,0,1,0,0,9,0,0,0.152777777777778,0,0,1,1,2,1,0,0,1
0,0,0,0.0952380952380952,3.86933126111152,0,20,0,5,0,1,0,0,2,0,0,0.714285714285714,0,0,1,0,2,1,0,0,1
17,0,0,0.24,4.23361888530702,0,30,0,8,0,1,0,0,6,0,0,0.769230769230769,0,0,1,1,3,1,0,1,1
23,0,0,0.0,3.64248967316613,0,14,0,6,0,1,0,0,0,0,0,0.608695652173913,0,0,1,1,2,0,0,0,1
0,0,0,0.464285714285714,4.53641423712223,0,26,0,11,0,1,0,0,13,0,0,0.5,0,0,0,0,3,1,0,1,1
0,0,0,0.135593220338983,5.06236611109103,0,15,0,8,0,1,0,0,8,0,0,0.2,0,0,1,0,2,1,0,1,1
0,0,5,0.127551020408163,4.75509743410673,0,52,0,50,0,1,1,2,25,0,0,0.191881918819188,0,0,0,1,4,0,0,2,1
9,0,1,0.0659340659340659,5.27421474543528,0,40,0,14,0,1,0,1,6,0,0,0.36036036036036,0,0,1,1,4,1,0,0,1
47,0,0,0.13953488372093,4.58215820468578,0,24,0,11,0,1,0,0,6,0,0,0.4,0,0,1,0,4,1,0,1,1
0,0,0,0.151515151515152,4.38737364069853,1,37,0,8,0,1,0,0,5,0,0,0.804347826086957,0,0,1,1,4,1,0,0,1
0,0,0,0.181818181818182,4.4000215643055,0,38,0,8,0,1,0,0,6,0,0,0.808510638297872,0,0,1,1,4,1,0,0,1
0,0,0,0.285714285714286,4.8237938061778,0,47,0,11,0,0,0,0,22,0,0,0.427272727272727,0,0,1,0,4,1,0,2,1
0,0,0,0.0,4.26803778559181,0,17,0,13,0,1,0,0,0,0,0,0.22972972972973,0,0,1,1,5,1,0,1,1
0,0,0,0.313432835820896,4.76852741705819,0,41,0,10,0,1,0,0,21,0,0,0.418367346938776,0,0,0,1,4,1,0,0,1
0,0,0,0.106666666666667,4.72480453661768,0,83,0,8,0,1,0,0,8,0,0,0.912087912087912,0,0,1,0,4,1,0,1,1
0,0,0,0.054054054054054,4.23248320300918,0,33,0,8,0,1,0,0,2,0,0,0.702127659574468,0,0,0,1,3,1,0,1,1
0,0,0,0.0,4.07756715711693,0,31,0,8,0,1,0,0,0,0,0,0.775,0,0,1,1,3,0,0,1,1
0,0,0,0.0952380952380952,4.25419565015078,0,22,0,6,0,1,0,0,2,0,0,0.758620689655172,0,0,0,1,3,0,0,0,1
0,0,0,0.03125,3.94850566790282,0,30,0,6,0,1,0,0,1,0,0,0.769230769230769,0,0,1,0,2,0,0,0,1
0,0,0,0.0,3.95230297766239,0,18,0,7,0,1,0,0,0,0,0,0.620689655172414,0,0,1,1,3,0,0,0,1
0,0,0,0.0,3.93865471674641,0,17,0,8,0,1,0,0,0,0,0,0.45945945945946,0,0,0,1,3,1,0,0,1
0,0,0,0.0384615384615384,4.53984574724879,0,14,0,15,0,1,0,0,2,0,0,0.202898550724638,0,0,1,1,2,0,0,1,1
0,0,0,0.147058823529412,4.47041514711591,0,59,0,12,0,1,0,0,10,0,0,0.655555555555556,0,0,1,1,6,1,0,2,1
0,0,0,0.92,4.41549153801912,0,51,0,12,0,1,0,0,23,0,0,0.85,0,0,1,1,4,0,0,4,1
0,0,0,0.236363636363636,4.42486972518003,0,40,0,17,0,1,0,0,13,0,0,0.470588235294118,0,0,1,1,3,1,0,3,1
0,0,0,0.0294117647058823,4.23976359171015,0,25,0,8,0,1,0,0,1,0,0,0.581395348837209,0,0,1,1,3,1,0,0,1
0,0,0,0.233333333333333,4.18112754269503,0,39,0,11,0,1,0,0,7,0,0,0.8125,0,0,1,1,3,0,0,4,1
0,0,0,0.0,4.18993001151982,0,38,0,7,0,1,0,0,0,0,0,0.808510638297872,0,0,1,1,3,0,0,0,1
0,0,0,0.583333333333333,4.67865221803394,0,47,0,9,0,1,0,0,21,0,0,0.712121212121212,0,0,1,0,4,1,0,1,1
0,0,0,0.115384615384615,4.40043230253563,0,12,0,6,0,1,0,0,3,0,0,0.342857142857143,0,0,1,1,2,1,0,0,1
0,0,0,0.103448275862069,3.8153115322251,0,31,0,8,0,1,0,0,3,0,0,0.775,0,0,1,1,4,0,0,0,1
0,0,0,0.285714285714286,4.65818812241889,0,46,0,10,0,1,0,0,10,0,0,0.836363636363636,0,0,1,1,4,0,0,2,1
0,0,0,1.28571428571429,3.5220552088742,0,16,0,8,0,1,0,0,9,0,0,0.666666666666667,0,0,0,0,4,0,0,0,1
0,0,0,0.6875,4.04133637691202,0,18,0,9,0,0,0,0,11,0,0,0.5,0,0,1,0,5,0,0,0,1
0,0,0,0.25,4.61720563932555,0,49,0,15,0,1,0,0,13,0,0,0.6125,0,0,1,1,5,1,0,3,1
0,0,0,0.0,4.07766408191755,0,31,0,11,0,0,1,0,0,0,0,0.53448275862069,0,0,0,1,6,0,0,0,1
0,0,0,0.126582278481013,4.81289834018495,0,78,0,9,0,1,0,0,10,0,0,0.795918367346939,0,0,1,1,5,1,0,0,1
0,0,0,0.081081081081081,4.23352185206455,0,34,0,11,0,1,0,0,3,1,0,0.666666666666667,0,0,1,1,4,0,0,1,1
0,0,0,0.0,4.00366481027577,0,54,0,7,0,1,0,0,0,0,0,0.870967741935484,0,0,0,1,3,1,0,0,1
0,0,0,0.314285714285714,4.50494453215601,0,50,0,13,0,1,0,0,11,0,0,0.847457627118644,0,0,1,0,3,1,0,6,1
0,0,0,0.0,4.10185866757536,0,45,0,10,0,0,0,0,0,0,0,0.725806451612903,0,0,1,1,4,0,0,2,1
0,0,1,0.157894736842105,4.86264471328865,0,24,0,11,0,1,0,1,6,0,0,0.436363636363636,0,0,1,0,3,1,0,2,1
0,0,0,0.169491525423729,4.41714893073777,0,54,0,12,0,1,0,0,10,0,0,0.666666666666667,0,0,1,1,6,1,0,2,1
0,0,0,0.0,4.18988607825401,0,22,0,8,0,1,0,0,0,0,0,0.536585365853659,0,0,1,0,3,1,0,1,1
20,0,0,0.0,4.20902452006726,0,28,0,11,0,1,0,0,0,1,0,0.444444444444444,0,0,1,1,5,1,0,0,1
0,0,0,0.0,4.26223270708703,1,21,0,9,35,1,1,0,0,0,0,0.388888888888889,0,0,1,0,2,1,0,2,1
0,0,0,0.0689655172413793,4.11848491105899,1,21,0,8,0,1,0,0,2,0,0,0.538461538461538,0,0,1,1,3,0,0,0,1
0,0,0,0.605263157894737,4.76665333144134,0,47,0,9,0,1,0,0,23,0,0,0.671428571428571,0,0,1,0,4,1,0,1,1
0,0,0,0.111111111111111,4.46688986831325,0,54,0,12,0,1,0,0,5,0,0,0.870967741935484,0,0,0,0,5,1,0,3,1
0,0,0,0.108108108108108,4.35116891088808,1,42,0,10,0,1,0,0,4,0,0,0.823529411764706,0,0,1,1,3,0,0,3,1
0,0,0,0.105263157894737,4.72755598413073,0,19,0,8,0,1,0,0,8,0,0,0.206521739130435,0,0,1,1,3,1,0,0,1
0,0,0,0.0204081632653061,4.19032862128034,0,26,0,10,0,1,0,0,1,1,0,0.433333333333333,0,0,1,1,4,0,0,0,1
0,0,0,0.0857142857142857,4.40651678246453,0,32,0,8,0,1,0,0,3,0,0,0.695652173913044,0,0,0,1,3,1,0,1,1
0,0,0,0.181818181818182,4.44257475579486,1,38,0,8,0,1,0,0,6,0,0,0.808510638297872,0,0,1,1,4,1,0,0,1
0,0,0,0.184210526315789,4.40364266787344,0,33,0,10,0,0,1,0,7,0,0,0.6,0,0,1,0,4,0,0,2,1
0,0,0,0.0,3.54346518960165,0,16,0,6,0,1,0,0,0,0,0,0.64,0,0,1,1,2,1,0,0,1
0,0,0,0.0946745562130177,5.68241261208798,0,21,0,10,0,0,0,1,16,0,0,0.107692307692308,0,0,1,0,3,1,0,1,1
0,0,0,0.0588235294117647,5.18097192465513,1,62,0,14,0,1,0,0,6,0,0,0.508196721311475,0,0,1,0,3,1,0,6,1
0,0,0,0.133333333333333,3.76226739065149,0,14,0,6,0,1,0,0,2,0,0,0.608695652173913,0,0,1,0,2,1,0,0,1
0,0,0,0.217391304347826,4.52788901068212,0,14,0,15,0,1,0,0,15,0,0,0.141414141414141,0,0,0,1,7,0,0,0,1
0,0,0,0.421052631578947,4.79226112933515,0,33,0,12,0,1,0,0,24,0,0,0.354838709677419,0,0,0,1,4,0,0,1,1
0,0,0,0.108695652173913,4.17963183046261,1,50,0,8,0,1,0,0,5,0,0,0.847457627118644,0,0,1,1,3,1,0,1,1
0,0,0,0.0697674418604651,4.41555215936532,1,37,0,9,0,0,1,0,3,0,0,0.672727272727273,0,0,1,1,4,1,0,1,1
0,0,0,0.0,4.28778025210186,0,22,0,10,0,1,1,0,0,0,0,0.448979591836735,0,0,1,1,4,0,0,1,1
0,0,0,0.0,3.82453340688191,0,22,0,7,0,1,0,0,0,0,0,0.709677419354839,0,0,1,0,2,1,0,1,1
0,0,0,1.71428571428571,3.60601527962073,0,19,0,8,0,1,0,0,12,0,0,0.703703703703704,0,0,0,0,4,0,0,0,1
0,0,0,0.0705882352941177,4.81543429085817,0,27,0,9,0,1,0,0,6,0,0,0.27,0,0,1,1,4,0,0,0,1
0,0,0,0.0,4.53824030079388,0,20,0,12,0,0,0,0,0,0,0,0.18018018018018,0,0,1,1,4,0,0,0,1
0,0,0,0.151515151515152,4.38737364069853,1,37,0,8,0,1,0,0,5,0,0,0.804347826086957,0,0,1,1,4,1,0,0,1
0,0,0,0.0526315789473684,4.04797720302691,1,43,0,12,0,1,0,0,2,0,0,0.826923076923077,0,0,1,0,4,1,0,4,1
0,0,1,0.358974358974359,4.91522557834094,1,52,0,18,0,0,0,1,28,0,0,0.419354838709677,0,0,1,1,5,1,0,5,1
0,0,0,0.0821917808219178,4.63471088231825,1,78,0,8,0,1,0,0,6,0,0,0.896551724137931,0,0,1,1,4,1,0,0,1
0,0,0,0.166666666666667,4.02126849490377,1,20,0,8,0,1,0,0,3,0,0,0.689655172413793,0,0,1,1,3,0,0,1,1
0,0,0,0.0,4.32779440115034,0,30,0,9,0,0,0,0,0,0,0,0.526315789473684,0,0,1,0,3,1,0,2,1
0,0,0,0.208333333333333,4.94679980202236,1,80,0,10,0,1,0,0,15,0,0,0.824742268041237,0,0,1,0,5,1,0,1,1
0,0,1,0.0606060606060606,4.79001117367035,1,45,3,19,0,1,0,1,4,1,0,0.50561797752809,0,0,1,1,7,0,0,2,1
0,0,0,0.472222222222222,4.73498369323816,0,18,0,10,0,0,0,1,17,0,0,0.285714285714286,0,0,0,0,4,0,0,0,1
0,0,0,0.454545454545455,4.53905482185151,0,35,0,9,0,0,0,0,15,0,0,0.614035087719298,0,0,1,1,5,0,0,0,1
0,0,0,0.0,3.99270877080047,1,9,0,6,0,1,0,0,0,0,0,0.243243243243243,0,0,1,1,2,0,0,0,1
0,0,0,0.121621621621622,4.81055024525464,1,83,0,9,0,1,0,0,9,0,0,0.902173913043478,0,0,1,0,4,1,0,1,1
0,0,0,0.0909090909090909,3.64679872932298,1,22,0,7,0,1,0,0,2,0,0,0.709677419354839,0,0,1,1,3,1,0,0,1
0,0,0,0.0625,4.26650283908485,1,24,0,8,0,1,0,0,2,0,0,0.571428571428571,0,0,1,1,3,0,0,0,1
0,0,0,0.0,3.86469832616696,0,22,0,7,0,1,0,0,0,0,0,0.709677419354839,0,0,1,1,3,0,0,0,1
0,0,1,0.44,5.15022315478208,1,39,0,14,0,1,0,1,33,0,0,0.319672131147541,0,0,0,1,4,1,0,0,1
0,0,0,0.0,4.03374421114312,0,29,0,9,0,1,0,0,0,0,0,0.763157894736842,0,0,1,1,3,1,0,2,1
0,0,0,0.0212765957446809,4.41194758504736,0,35,0,9,0,1,0,0,1,0,0,0.614035087719298,0,0,0,1,4,1,0,1,1
0,0,0,0.0,4.19046881385558,1,39,0,9,0,1,0,0,0,0,0,0.8125,0,0,1,1,3,1,0,1,1
0,0,0,0.0,3.95433746786437,1,18,0,11,0,0,0,0,0,0,0,0.36734693877551,0,0,1,1,6,1,0,0,1
0,0,0,0.1875,3.97017552146435,0,16,0,5,0,1,0,0,3,0,0,0.666666666666667,0,0,1,0,2,0,0,0,1
0,0,0,0.0,3.64307418942857,0,16,0,6,0,1,0,0,0,0,0,0.64,0,0,1,1,2,1,0,0,1
0,0,0,0.0731707317073171,4.86439450148079,1,23,0,8,0,1,0,0,6,0,0,0.239583333333333,0,0,1,0,2,1,0,1,1
0,0,0,0.075,4.84428281433896,1,83,0,9,0,1,0,0,6,0,0,0.873684210526316,0,0,1,0,4,1,0,1,1
0,0,0,0.0303030303030303,4.10979348260879,0,35,0,10,0,1,1,0,1,0,0,0.795454545454545,0,0,1,1,6,0,0,0,1
0,0,0,0.15625,4.64921809910351,1,57,0,12,0,1,0,0,10,0,0,0.662790697674419,0,0,0,1,6,1,0,2,1
0,0,0,0.162162162162162,4.86961304546072,1,11,0,9,0,1,0,0,12,0,0,0.115789473684211,0,0,1,1,3,1,0,0,1
0,0,0,0.0595238095238095,4.72191541041744,1,80,0,11,0,1,0,0,5,0,0,0.8,0,0,1,0,6,1,0,1,1
0,1,0,0.0,3.89300116517247,1,20,0,9,2,1,0,0,0,0,1,0.444444444444444,12,0,1,1,3,1,0,0,1
0,0,0,0.0,4.19773053835372,1,37,0,10,0,0,0,0,0,0,0,0.660714285714286,0,0,0,1,4,0,0,2,1
0,0,0,0.355555555555556,4.65244748802313,0,31,0,11,0,0,0,0,16,0,0,0.430555555555556,0,0,1,1,4,1,0,1,1
0,0,0,0.384615384615385,4.40252976280403,0,33,0,9,0,1,0,0,10,0,0,0.733333333333333,0,0,0,1,4,0,0,0,1
0,0,0,0.423076923076923,4.49347330420366,0,20,0,9,0,1,0,0,11,0,0,0.434782608695652,0,0,1,0,3,1,0,0,1
0,0,0,0.35,4.11257035123552,0,53,0,8,0,1,0,0,14,0,0,0.854838709677419,0,0,1,1,4,0,0,0,1
0,0,0,0.0,4.20836743955838,0,41,0,9,0,1,0,0,0,0,0,0.82,0,0,1,1,4,0,0,1,1
0,0,0,0.0,3.85094897356164,0,29,0,7,0,1,0,0,0,0,0,0.783783783783784,0,0,1,1,4,0,0,0,1
0,0,4,0.264705882352941,4.951679352867,0,15,0,36,0,1,0,3,27,0,0,0.0909090909090909,0,0,1,0,11,1,0,0,1
0,0,1,0.0654205607476635,5.2715892152815,0,18,0,13,0,0,0,1,7,1,0,0.141732283464567,0,0,1,1,4,0,0,0,1
0,0,0,0.126760563380282,4.6895610963435,1,80,0,8,0,1,0,0,9,0,0,0.909090909090909,0,0,1,0,4,1,0,1,1
0,0,0,0.222222222222222,4.61055954741811,1,52,0,17,0,0,0,0,12,0,0,0.626506024096386,0,0,1,1,5,1,0,6,1
0,0,0,0.169491525423729,4.61583518651688,1,42,0,17,0,1,0,0,10,0,0,0.488372093023256,0,0,1,1,5,0,0,5,1
0,0,0,0.214285714285714,4.33839688690994,1,33,0,8,0,1,0,0,6,0,0,0.785714285714286,0,0,1,1,3,1,0,1,1
0,0,0,0.0957446808510638,4.7747089629939,0,27,0,11,0,1,0,0,9,0,0,0.236842105263158,0,0,1,1,5,0,0,0,1
0,0,0,0.0,4.24653976261173,0,36,0,8,0,1,0,0,0,0,0,0.8,0,0,1,1,3,0,0,1,1
0,0,0,0.0882352941176471,4.09571367873441,1,39,0,11,0,1,0,0,3,0,0,0.8125,0,0,1,1,3,0,0,4,1
0,0,0,0.09375,4.09421191878343,1,36,0,10,0,1,0,0,3,0,0,0.8,0,0,1,1,3,0,0,3,1
0,0,0,0.0714285714285714,4.88169391775911,1,78,0,12,0,0,0,1,7,1,0,0.666666666666667,0,0,1,1,6,1,0,0,1
0,0,0,0.0,4.18898219670544,1,13,0,11,0,0,0,0,0,0,0,0.288888888888889,0,0,1,1,3,1,0,0,1
0,0,0,0.0,4.13982278200876,1,31,0,8,0,1,0,0,0,0,0,0.775,0,0,1,1,3,1,0,1,1
0,0,0,0.0987654320987654,4.78912697209556,1,78,0,9,0,1,0,0,8,0,0,0.795918367346939,0,0,1,1,5,1,0,0,1
0,0,0,0.0,3.81008102052173,1,12,0,7,0,1,0,0,0,0,0,0.444444444444444,0,0,1,1,2,0,0,0,1
0,0,0,0.0470588235294118,4.39893799620704,1,47,0,14,0,0,0,0,4,0,0,0.456310679611651,0,0,1,1,5,1,0,5,1
0,0,0,0.0,3.97366068968819,0,17,0,5,0,1,0,0,0,0,0,0.68,0,0,1,1,2,1,0,0,1
0,0,0,0.2,3.65310716836281,1,10,0,6,7,1,0,0,3,0,0,0.416666666666667,0,0,1,0,2,1,0,0,1
0,0,1,0.0,4.51118417945087,0,23,0,11,0,1,1,1,0,1,0,0.359375,0,0,1,0,3,1,0,1,1
0,0,0,0.0,4.09490661824394,1,35,0,8,0,1,0,0,0,0,0,0.795454545454545,0,0,1,1,3,0,0,1,1
0,0,0,0.0,4.14286820930088,1,43,0,9,0,1,0,0,0,0,0,0.826923076923077,0,0,1,1,3,0,0,2,1
0,1,0,0.0,4.03527350269689,1,26,0,6,20,1,1,0,0,0,1,0.764705882352941,7,0,1,1,3,1,0,0,1
0,0,0,0.315789473684211,3.75392803184602,1,23,0,7,0,1,0,0,6,0,0,0.71875,0,0,1,1,3,0,0,0,1
0,0,0,0.136363636363636,4.24849525552541,1,25,0,8,0,1,0,0,3,0,0,0.757575757575758,0,0,1,1,3,0,0,2,1
0,0,0,0.555555555555556,4.04380169485379,0,25,0,5,0,1,0,0,10,0,0,0.757575757575758,0,0,1,0,2,0,0,0,1
0,0,0,0.355932203389831,4.88802388636766,0,24,0,14,0,1,0,0,21,0,0,0.25531914893617,0,0,1,1,4,1,0,5,1
0,0,0,0.0,4.163320189106,0,26,0,11,0,0,1,0,0,0,0,0.541666666666667,0,0,1,0,4,1,0,2,1
0,0,0,0.0,3.83712564964201,1,22,0,7,0,1,0,0,0,0,0,0.709677419354839,0,0,1,1,3,1,0,0,1
0,0,0,0.0,3.96481172407414,1,27,0,7,0,1,0,0,0,0,0,0.75,0,0,1,1,3,0,0,0,1
0,0,0,0.0,4.26007433555369,1,53,0,11,0,1,0,0,0,0,0,0.854838709677419,0,0,1,1,4,0,0,3,1
0,0,0,0.0256410256410256,5.1328212643444,1,18,0,10,0,1,0,0,2,0,0,0.2,0,0,1,0,3,1,0,1,1
0,0,0,0.037037037037037,4.21812882070647,1,27,0,8,0,1,0,0,1,0,0,0.75,0,0,1,0,3,1,0,1,1
0,0,0,0.144927536231884,4.74278943839775,1,78,0,8,0,1,0,0,10,0,0,0.896551724137931,0,0,1,1,4,1,0,0,1
0,0,0,0.214285714285714,4.33839688690994,1,33,0,8,0,1,0,0,6,0,0,0.785714285714286,0,0,1,1,3,1,0,1,1
0,0,0,0.379310344827586,4.52836743955838,0,24,0,10,0,1,0,0,11,0,0,0.48,0,0,0,0,3,1,0,0,1
0,0,0,0.333333333333333,4.51326968951511,0,24,0,10,0,1,0,0,10,0,0,0.48,0,0,0,0,3,1,0,0,1
0,0,0,0.0,4.14354133362254,0,33,0,8,0,1,0,0,0,0,0,0.804878048780488,0,0,1,1,3,0,0,2,1
0,0,0,0.0,3.95729587384057,0,26,0,8,0,1,0,0,0,0,0,0.742857142857143,0,0,1,1,4,0,0,0,1
0,0,0,0.117647058823529,3.99795269866069,1,17,0,7,0,1,0,0,2,0,0,0.653846153846154,0,0,1,0,2,1,0,1,1
0,0,0,0.0,4.22114386487158,1,33,0,12,0,1,0,0,0,0,0,0.370786516853933,0,0,0,1,6,0,0,1,1
0,0,2,0.0666666666666667,5.16462781319633,1,22,0,29,0,0,0,1,14,0,0,0.0869565217391304,0,0,1,1,3,1,0,3,1
0,0,0,0.0784313725490196,4.5965331609542,0,47,0,17,0,0,0,0,4,0,0,0.652777777777778,0,0,1,0,4,1,0,8,1
0,0,0,0.197368421052632,4.78914238602727,0,27,0,9,0,1,0,0,15,0,0,0.27,0,0,1,1,4,0,0,0,1
0,0,0,0.0,4.185867302412,1,27,0,8,0,1,0,0,0,0,0,0.771428571428572,0,0,1,1,3,0,0,2,1
0,0,0,0.0,4.5051252044271,1,29,0,14,0,0,0,0,0,1,0,0.408450704225352,0,0,1,1,6,0,0,2,1
0,0,0,0.0806451612903226,5.10176102365614,0,15,0,8,0,1,0,0,5,0,0,0.2,0,0,1,0,2,1,0,1,1
0,0,0,0.0833333333333333,4.3814997397921,0,52,0,9,0,1,0,0,4,0,0,0.852459016393443,0,0,1,1,4,0,0,1,1
0,0,0,0.0,4.12728313431329,1,26,0,6,0,1,0,0,0,0,0,0.787878787878788,0,0,0,1,3,0,0,0,1
0,0,0,0.0,3.97765386327595,0,37,0,10,0,1,1,0,0,0,0,0.822222222222222,0,0,0,1,4,0,0,2,1
0,0,0,0.0,4.15869496956284,1,31,0,8,0,1,0,0,0,0,0,0.775,0,0,1,0,3,1,0,1,1
0,0,0,0.0666666666666667,4.18709702179177,0,33,0,11,0,1,0,0,2,0,0,0.767441860465116,0,0,1,1,6,1,0,0,1
0,0,0,0.0,4.15015851316673,1,26,0,6,0,1,0,0,0,0,0,0.787878787878788,0,0,0,1,3,0,0,0,1
0,0,0,0.615384615384615,4.44307418942857,1,25,0,8,0,1,0,0,16,0,0,0.5,0,0,1,0,3,1,0,1,1
0,0,0,0.0,3.94454882778696,1,12,0,6,0,1,0,0,0,0,0,0.375,0,0,1,1,2,0,0,0,1
0,1,0,0.27536231884058,5.22611510026773,1,16,0,9,32,1,0,0,19,0,1,0.164948453608247,54,0,1,0,3,1,1,0,1
0,0,0,0.0,4.10715623092161,0,27,0,8,0,1,1,0,0,0,0,0.771428571428572,0,0,0,1,3,0,0,1,1
0,1,0,0.0,3.84712821013643,1,24,0,6,0,1,0,0,0,0,0,0.727272727272727,2,0,1,1,2,1,0,0,1
0,0,0,0.102564102564103,4.46699807415229,1,43,0,9,0,1,0,0,4,0,0,0.826923076923077,0,0,1,0,5,1,0,0,1
0,0,0,0.173333333333333,4.88767261136762,1,23,0,9,0,1,0,0,13,0,0,0.237113402061856,0,0,1,0,2,1,0,1,1
0,0,2,0.571428571428571,5.1014806832219,0,31,0,23,0,0,0,1,60,0,0,0.164893617021277,0,0,0,1,6,1,0,0,1
0,0,0,0.0,4.2072117677593,0,18,0,8,0,1,0,0,0,0,0,0.428571428571429,0,0,1,1,3,1,0,0,1
0,0,0,0.037037037037037,4.24301015955486,0,16,0,7,0,1,0,0,1,0,0,0.457142857142857,0,0,1,1,3,1,0,0,1
0,0,0,0.285714285714286,4.185867302412,1,26,0,8,0,1,0,0,6,0,0,0.742857142857143,0,0,1,1,3,0,0,1,1
0,0,0,0.0,4.14354133362254,1,33,0,7,0,1,0,0,0,0,0,0.804878048780488,0,0,1,1,3,1,0,1,1
0,0,0,0.181818181818182,4.12728313431329,1,24,0,7,0,1,0,0,4,0,0,0.727272727272727,0,0,1,0,3,1,0,0,1
0,0,0,0.0909090909090909,4.46253794392848,0,49,0,10,0,1,0,0,4,0,0,0.844827586206897,0,0,1,1,6,1,0,0,1
0,0,0,0.126760563380282,4.76957083060725,1,80,0,9,0,1,0,0,9,0,0,0.898876404494382,0,0,1,0,4,1,0,1,1
0,0,0,0.0705882352941177,5.20710444519346,0,30,0,12,0,1,0,0,6,0,0,0.29126213592233,0,0,1,1,3,0,0,0,1
0,0,0,0.181818181818182,4.46365696419371,1,28,0,11,0,1,0,0,8,0,0,0.444444444444444,0,0,1,1,2,1,0,3,1
0,0,0,0.0,4.21641693543812,1,22,0,11,0,0,0,0,0,0,0,0.385964912280702,0,0,1,1,4,1,0,1,1
0,0,0,0.0,4.20484526706818,1,30,0,11,0,1,0,0,0,0,0,0.461538461538462,0,0,1,1,4,1,0,2,1
0,0,0,0.0,4.1168685856424,0,37,0,9,0,1,1,0,0,0,0,0.822222222222222,0,0,0,1,5,0,0,0,1
0,1,0,0.0,4.02661929418805,1,23,0,5,26,1,0,0,0,0,0,0.741935483870968,45,0,1,1,2,1,1,0,1
0,0,0,0.242424242424242,4.49076529282463,1,42,0,10,0,1,0,0,8,0,0,0.823529411764706,0,0,1,1,4,0,0,2,1
0,0,0,0.217391304347826,4.23174618169739,0,28,0,8,0,1,0,0,5,0,0,0.777777777777778,0,0,0,0,3,1,0,1,1
0,0,0,0.125,5.14405685152016,0,24,0,11,0,1,0,0,11,0,0,0.218181818181818,0,0,1,1,4,1,0,0,1
0,0,0,0.12,4.0514621540398,1,27,0,8,0,1,0,0,3,0,0,0.75,0,0,1,1,3,0,0,1,1
0,0,0,0.6875,4.56032413695067,0,19,0,6,0,1,0,0,22,0,0,0.316666666666667,0,0,1,1,2,1,0,0,1
0,0,2,0.555555555555556,4.94340676126802,1,29,0,16,0,1,0,1,25,0,0,0.337209302325581,0,0,1,1,4,0,0,2,1
0,1,10,0.224615384615385,5.01720919125612,1,19,0,80,152,0,0,3,73,0,0,0.0397489539748954,0,0,0,0,15,0,0,3,1
0,0,0,0.111111111111111,4.22932735194002,1,28,0,7,0,1,0,0,3,0,0,0.756756756756757,0,0,1,1,3,0,0,0,1
0,0,0,0.0,4.25386336842208,0,29,0,8,0,1,0,0,0,0,0,0.763157894736842,0,0,1,1,3,0,0,1,1
0,0,10,0.335483870967742,5.75170147310521,0,17,15,60,0,1,0,1,104,0,0,0.0358649789029536,0,0,1,0,14,0,0,4,1
0,1,1,0.0120481927710843,4.43570809882971,1,18,0,18,0,0,0,1,1,1,0,0.176470588235294,0,0,1,1,4,1,0,1,1
0,0,0,0.131578947368421,4.37605742641708,1,44,0,10,0,1,0,0,5,0,0,0.830188679245283,0,0,1,1,3,0,0,3,1
0,0,0,0.0,3.90759269122246,0,42,0,9,0,1,1,0,0,0,0,0.857142857142857,0,0,0,1,4,0,0,2,1
0,0,0,0.0752688172043011,4.76776878963608,1,23,0,9,0,1,0,0,7,0,0,0.211009174311927,0,0,1,0,2,1,0,1,1
0,0,0,0.0,4.24060156295072,0,39,0,6,0,1,0,0,0,0,0,0.8125,0,0,1,1,2,0,0,0,1
0,0,0,0.0810810810810811,4.49134916721094,0,38,0,15,0,1,0,0,6,0,0,0.4,0,0,1,1,4,1,0,2,1
0,0,2,0.255555555555556,4.94242832624444,1,34,0,23,0,1,0,1,23,0,0,0.25,0,0,1,1,6,0,0,5,1
0,0,0,0.126582278481013,4.87115860492523,1,78,0,9,0,1,0,0,10,0,0,0.795918367346939,0,0,1,1,4,1,0,0,1
0,0,0,0.0,4.25961326622111,0,52,0,11,0,1,1,0,0,0,0,0.825396825396825,0,0,0,1,4,0,0,2,1
0,0,0,0.125,5.23043913400658,0,19,0,7,0,1,0,0,8,0,0,0.240506329113924,0,0,1,1,2,1,0,0,1
0,0,1,0.096,5.50465636673137,1,41,0,11,0,1,0,1,12,0,0,0.277027027027027,0,0,1,1,3,0,0,1,1
0,0,0,0.0,3.76144578891847,1,11,0,9,0,1,0,0,0,0,0,0.314285714285714,0,0,1,1,2,0,0,1,1
0,0,0,0.0,4.03960978413856,0,22,0,7,0,1,0,0,0,0,0,0.594594594594595,0,0,1,0,2,0,0,1,1
0,0,0,0.0487804878048781,4.1966277093543,1,44,0,10,0,1,0,0,2,0,0,0.830188679245283,0,0,1,1,3,0,0,3,1
0,0,0,0.260869565217391,4.18582355533362,1,28,0,8,0,1,0,0,6,0,0,0.756756756756757,0,0,1,1,3,1,0,1,1
0,0,0,0.0,3.85533779740342,0,23,0,7,0,1,0,0,0,0,0,0.71875,0,0,1,0,2,1,0,1,1
0,0,1,0.0116279069767442,5.21560427543625,0,26,0,10,0,1,0,1,1,0,0,0.268041237113402,0,0,1,1,2,1,0,0,1
0,0,0,0.0,4.1562978882809,0,51,0,8,0,1,0,0,0,0,0,0.85,0,0,1,1,4,0,0,0,1
0,0,0,0.105263157894737,4.01218840396866,0,17,0,7,0,1,0,0,2,0,0,0.607142857142857,0,0,1,0,3,0,0,0,1
0,0,0,0.0,4.3283011742538,1,25,0,11,0,0,0,0,0,0,0,0.409836065573771,0,0,1,1,4,1,0,1,1
0,0,0,0.0,4.22144194520733,0,27,0,8,0,1,1,0,0,0,0,0.771428571428572,0,0,0,1,3,0,0,1,1
0,0,0,0.6,4.52366195461367,0,51,0,12,0,1,0,0,18,0,0,0.85,0,0,1,1,4,0,0,4,1
0,0,0,0.0,3.91762644387336,1,25,0,7,0,1,0,0,0,0,0,0.735294117647059,0,0,1,1,3,1,0,0,1
0,0,0,0.0333333333333333,4.50412060537805,0,20,0,7,0,1,0,0,1,0,0,0.526315789473684,0,0,1,1,2,1,0,0,1
0,0,0,0.181818181818182,4.4000215643055,1,38,0,8,0,1,0,0,6,0,0,0.808510638297872,0,0,1,1,4,1,0,0,1
0,0,0,0.363636363636364,4.57660819024898,0,21,0,8,0,1,0,0,12,0,0,0.39622641509434,0,0,1,1,3,0,0,0,1
0,0,0,0.260869565217391,4.2425766761474,1,28,0,8,0,1,0,0,6,0,0,0.756756756756757,0,0,1,1,3,0,0,1,1
0,0,0,0.0,3.99880183676533,1,19,0,9,0,1,0,0,0,0,0,0.41304347826087,0,0,1,1,2,1,0,0,1
0,0,0,0.0144927536231884,4.43617343313502,1,16,0,13,0,1,0,0,1,0,0,0.192771084337349,0,0,1,1,4,0,0,1,1
0,0,0,0.16,4.06716518977786,0,29,0,8,0,1,1,0,4,0,0,0.783783783783784,0,0,0,0,4,0,0,0,1
0,0,0,0.0,4.29984375077383,0,34,0,11,0,1,0,0,0,1,0,0.53125,0,0,1,1,5,1,0,0,1
0,0,0,0.0857142857142857,4.40651678246453,0,32,0,8,0,1,0,0,3,0,0,0.695652173913044,0,0,0,1,3,1,0,1,1
0,0,0,0.181818181818182,4.48512794728423,1,38,0,8,0,1,0,0,6,0,0,0.808510638297872,0,0,1,1,4,1,0,0,1
0,0,0,0.0,4.169057819989,1,15,0,8,0,1,0,0,0,0,0,0.333333333333333,0,0,1,1,2,1,0,0,1
0,1,0,0.0,4.1955397440528,1,15,0,6,24,1,0,0,0,0,0,0.357142857142857,16,0,0,1,2,1,0,0,1
0,0,0,0.0,4.05163347839467,0,31,0,11,0,0,1,0,0,0,0,0.53448275862069,0,0,0,1,6,0,0,0,1
0,0,0,0.075,4.3755828814339,1,26,0,8,63,1,0,0,3,0,0,0.509803921568627,0,0,0,1,2,1,0,2,1
0,0,0,0.153846153846154,3.97095059445467,0,32,0,10,0,1,0,0,4,0,0,0.8,0,0,0,0,6,0,0,0,1
0,0,0,0.032258064516129,3.984712292332,0,26,0,10,0,1,0,0,1,0,0,0.619047619047619,0,0,1,0,3,0,0,2,1
0,1,0,0.0,3.93027037229345,1,19,0,6,19,1,0,0,0,0,1,0.703703703703704,23,0,0,1,2,0,0,0,1
0,0,0,0.0,4.13702878377711,1,25,0,11,0,1,0,0,0,0,0,0.510204081632653,0,0,1,0,2,0,0,1,1
0,0,0,0.24390243902439,4.54243417945087,1,45,0,13,0,1,0,0,10,0,0,0.703125,0,0,1,1,4,0,0,4,1
0,0,0,0.0,4.40578029415608,1,26,0,14,0,1,0,1,0,0,0,0.337662337662338,0,0,1,1,4,0,0,3,1
0,0,0,0.214285714285714,3.79508858639773,0,14,0,6,0,1,0,0,3,0,0,0.608695652173913,0,0,1,0,2,0,0,0,1
0,0,0,0.333333333333333,3.99172929667217,0,18,0,8,0,1,0,0,6,0,0,0.5625,0,0,1,0,3,0,0,0,1
0,0,0,0.777777777777778,4.67892186277449,0,51,0,11,0,1,0,0,21,0,0,0.864406779661017,0,0,1,1,4,0,0,4,1
0,0,0,0.267441860465116,5.31462708991619,1,18,0,15,0,1,0,0,23,0,0,0.145161290322581,0,0,1,0,3,1,0,6,1
0,0,0,0.0571428571428571,4.07833187326798,1,38,0,10,0,1,0,0,2,0,0,0.808510638297872,0,0,1,1,3,0,0,3,1
0,0,0,0.103448275862069,4.07756715711693,0,32,0,8,0,1,1,0,3,0,0,0.8,0,0,0,0,4,0,0,0,1
0,0,0,0.152777777777778,4.83021732584873,1,83,0,9,0,1,0,0,11,0,0,0.902173913043478,0,0,1,0,4,1,0,1,1
0,0,0,0.0,4.34816737411052,0,33,0,8,0,0,0,0,0,0,0,0.578947368421053,0,0,0,1,3,1,0,0,1
0,0,0,0.260869565217391,4.17527329788597,1,28,0,8,0,1,0,0,6,0,0,0.756756756756757,0,0,1,1,3,1,0,1,1
0,0,0,0.157894736842105,4.87471488600275,1,80,0,10,0,1,0,0,12,0,0,0.816326530612245,0,0,1,0,5,1,0,1,1
0,0,0,0.0,3.26558332288773,0,13,0,6,0,1,1,0,0,0,0,0.590909090909091,0,0,1,1,2,1,0,0,1
0,0,0,0.105263157894737,3.79790268968295,0,19,0,7,0,1,0,0,2,0,0,0.678571428571429,0,0,1,0,3,0,0,0,1
0,0,0,0.0,4.18943779823389,1,38,0,10,0,1,0,0,0,0,0,0.678571428571429,0,0,1,1,4,0,0,2,1
0,0,0,0.5,4.69718101148602,0,45,0,8,0,1,0,0,15,0,0,0.849056603773585,0,0,0,1,3,0,0,1,1
0,0,0,0.192307692307692,4.44394270791827,0,32,0,9,0,1,1,0,5,0,0,0.8,0,0,0,0,5,0,0,0,1
0,1,0,0.0,3.78890976555739,1,13,0,7,1,1,0,0,0,0,0,0.40625,0,0,1,1,2,1,1,0,1
0,0,0,0.0,4.14927507071071,0,22,0,10,0,0,0,0,0,0,0,0.44,0,0,0,1,4,1,0,0,1
0,0,0,0.0,4.0131111357238,0,20,0,8,0,1,0,0,0,0,0,0.540540540540541,0,0,1,1,3,1,0,0,1
0,0,10,0.349206349206349,5.60505097827447,0,18,0,67,0,1,0,3,88,0,0,0.0442260442260442,0,0,1,0,17,1,0,1,1
0,0,0,0.0,3.67531086891236,0,16,0,5,0,1,0,0,0,0,0,0.695652173913044,0,0,0,1,2,1,0,0,1
0,0,0,0.285714285714286,3.9760107890421,0,18,0,8,0,1,0,0,6,0,0,0.514285714285714,0,0,0,0,3,0,0,0,1
0,0,0,0.78125,4.70494521035985,1,47,0,9,0,1,0,0,25,0,0,0.712121212121212,0,0,1,0,4,1,0,1,1
0,0,0,0.2,4.50803165598612,0,25,0,9,0,1,0,0,7,0,0,0.490196078431373,0,0,1,1,3,0,0,1,1
0,0,0,0.333333333333333,4.33492373372169,1,49,0,13,0,1,0,0,11,0,0,0.859649122807018,0,0,0,1,4,1,0,5,1
0,1,0,0.227848101265823,5.41394244817697,1,16,0,14,32,1,0,0,18,0,1,0.144144144144144,54,0,1,0,3,1,1,5,1
0,0,1,0.0,4.393304527598,1,24,0,12,0,1,0,1,0,1,0,0.380952380952381,0,0,1,1,5,1,0,0,1
0,0,0,0.1625,5.3120841441479,0,19,0,10,0,1,0,0,13,0,0,0.184466019417476,0,0,1,1,3,1,0,0,1
0,0,0,0.140350877192982,4.44542631842426,1,34,0,14,0,1,0,0,8,0,0,0.430379746835443,0,0,1,1,4,0,0,3,1
0,0,0,0.0,3.97084001310199,1,29,0,9,0,1,0,0,0,0,0,0.763157894736842,0,0,1,1,3,0,0,2,1
0,0,0,0.0,4.32453476270788,1,36,0,7,0,1,1,0,0,0,0,0.8,0,0,1,1,3,1,0,0,1
0,0,0,0.0416666666666666,3.78989809546429,1,22,0,5,0,1,0,0,1,0,0,0.733333333333333,0,0,1,0,2,1,0,0,1
0,0,0,0.0,3.9483943455364,1,13,0,7,0,1,0,0,0,0,0,0.433333333333333,0,0,1,1,2,0,0,1,1
0,0,0,0.159420289855072,4.8440341422916,1,80,0,8,0,1,0,0,11,0,0,0.909090909090909,0,0,1,0,4,1,0,1,1
0,0,0,0.202898550724638,4.73920062523424,1,83,0,8,0,1,0,0,14,0,0,0.912087912087912,0,0,1,0,4,1,0,1,1
0,0,0,0.0,3.71440934524794,1,21,0,7,0,1,0,0,0,0,0,0.7,0,0,1,1,3,0,0,0,1
0,0,0,0.0,4.08259792301094,0,23,0,8,0,1,0,0,0,0,0,0.741935483870968,0,0,0,0,3,1,0,1,1
0,0,0,0.307692307692308,4.35061999205359,1,24,0,7,0,1,0,0,8,0,0,0.585365853658537,0,0,1,1,3,1,0,0,1
0,0,0,0.181818181818182,4.48512794728423,1,38,0,8,0,1,0,0,6,0,0,0.808510638297872,0,0,1,1,4,1,0,0,1
0,0,0,0.133333333333333,5.11982266613915,0,19,0,9,0,1,0,0,10,0,0,0.202127659574468,0,0,1,1,3,1,0,0,1
0,0,0,0.24,4.33618298787112,1,30,0,8,0,1,0,0,6,0,0,0.769230769230769,0,0,1,1,3,1,0,1,1
0,0,0,0.846153846153846,4.60457450415156,0,51,0,12,0,1,0,0,22,0,0,0.85,0,0,1,1,4,0,0,4,1
0,0,0,0.0,3.57393489628406,0,15,0,6,0,1,0,0,0,0,0,0.625,0,0,1,1,2,1,0,0,1
0,0,0,0.260869565217391,4.13176950127957,1,28,0,8,0,1,0,0,6,0,0,0.756756756756757,0,0,1,1,3,1,0,1,1
0,0,3,0.145038167938931,5.59968317933764,1,19,0,21,0,1,0,1,19,0,0,0.111111111111111,0,0,1,1,3,1,0,2,1
0,0,0,0.0,4.05305590733328,0,32,0,7,0,1,0,0,0,0,0,0.8,0,0,1,1,4,0,0,0,1
0,0,0,0.103448275862069,5.14574412633364,1,11,0,7,0,1,0,0,6,0,0,0.154929577464789,0,0,1,1,2,1,0,0,1
0,0,3,0.103703703703704,5.55148683477515,1,19,0,22,0,1,0,1,14,0,0,0.111111111111111,0,0,1,1,3,1,0,4,1
0,0,0,0.0,3.89722361662077,0,30,0,7,0,1,0,0,0,0,0,0.769230769230769,0,0,1,1,3,1,0,0,1
0,0,0,0.148148148148148,4.08586991955912,1,32,0,10,0,0,0,0,4,0,0,0.780487804878049,0,0,1,1,3,0,0,3,1
0,0,0,0.129032258064516,4.06561288594336,1,36,0,10,0,1,0,0,4,0,0,0.8,0,0,1,1,3,0,0,3,1
0,0,0,0.0,4.16064527144008,0,31,0,11,0,0,1,0,0,0,0,0.53448275862069,0,0,0,1,6,0,0,0,1
0,1,0,0.0476190476190476,3.94075983254009,1,19,0,6,0,1,0,0,1,0,0,0.678571428571429,5,0,1,0,2,1,0,0,1
0,0,0,0.0681818181818181,4.46264471328865,1,35,0,8,0,1,0,0,3,0,0,0.636363636363636,0,0,1,0,4,1,0,0,1
0,0,0,0.0,4.37035602415997,1,29,0,13,0,0,1,0,0,0,0,0.329545454545455,0,0,0,1,3,1,0,2,1
0,0,0,0.09375,4.14161920818398,1,34,0,7,0,1,0,0,3,0,0,0.80952380952381,0,0,0,0,3,1,0,0,1
0,0,0,0.2,4.34131004053374,1,36,0,9,0,1,0,0,6,0,0,0.8,0,0,1,1,3,1,0,2,1
0,0,0,0.0,4.21812882070647,0,27,0,7,0,1,0,0,0,0,0,0.75,0,0,1,0,2,1,0,1,1
0,0,0,0.0,4.32025139454538,1,32,0,8,0,1,0,0,0,0,0,0.780487804878049,0,0,1,1,3,1,0,1,1
0,0,0,0.173913043478261,4.15015851316673,1,25,0,6,0,1,0,0,4,0,0,0.757575757575758,0,0,1,0,3,1,0,0,1
0,0,0,0.0,4.24028505150736,0,32,0,11,0,1,0,0,0,1,0,0.477611940298507,0,0,1,1,5,1,0,0,1
0,0,0,0.133333333333333,4.14058539388479,0,16,0,9,0,1,0,0,4,0,0,0.372093023255814,0,0,1,1,2,0,0,0,1
0,0,0,0.0,4.12836743955838,1,33,0,9,0,0,0,0,0,0,0,0.66,0,0,1,1,4,0,0,1,1
0,0,0,0.0,3.91211389097223,0,18,0,6,0,1,0,0,0,0,0,0.666666666666667,0,0,1,1,2,1,0,0,1
0,0,0,0.0208333333333333,4.22096338805154,0,24,0,10,0,1,0,0,1,1,0,0.406779661016949,0,0,0,0,4,1,0,0,1
0,0,0,0.0,4.1955397440528,1,33,0,7,0,1,0,0,0,0,0,0.785714285714286,0,0,1,1,3,0,0,0,1
0,0,0,0.0,3.86529765513778,0,31,0,9,0,1,1,0,0,0,0,0.794871794871795,0,0,0,1,5,0,0,0,1
0,0,0,0.222222222222222,4.35707517513872,1,32,0,8,0,1,0,0,6,0,0,0.780487804878049,0,0,1,1,3,1,0,1,1
0,0,0,0.191176470588235,5.24231644793418,1,18,0,10,0,1,0,0,13,0,0,0.197802197802198,0,0,1,0,3,1,0,1,1
0,0,0,0.0,4.25360035102702,1,22,0,11,0,1,0,0,0,1,0,0.415094339622642,0,0,1,1,5,1,0,0,1
0,0,0,0.169491525423729,5.08349701422309,0,17,0,9,0,1,0,0,10,0,0,0.217948717948718,0,0,1,1,3,1,0,0,1
0,0,0,0.0,3.7720552088742,0,15,0,6,0,1,0,0,0,0,0,0.625,0,0,1,1,2,0,0,0,1
0,0,0,0.0,4.38556300197046,0,40,0,11,0,1,0,0,0,1,0,0.540540540540541,0,0,1,1,5,1,0,0,1
0,0,0,0.0,3.71108049624428,0,23,0,6,0,1,0,0,0,0,0,0.766666666666667,0,0,0,1,3,0,0,0,1
0,0,0,0.380952380952381,4.10701770959536,0,20,0,7,0,1,0,0,8,0,0,0.555555555555556,0,0,0,0,3,1,0,0,1
0,1,0,0.0,3.63397407599716,1,19,0,6,28,1,0,0,0,0,1,0.703703703703704,72,0,0,1,2,1,0,0,1
0,0,0,0.0,3.94454882778696,0,23,0,7,0,1,0,0,0,0,0,0.71875,0,0,1,1,3,1,0,0,1
0,0,0,0.136363636363636,4.34313906222957,1,23,0,7,0,1,1,0,3,0,0,0.71875,0,0,1,1,3,1,0,0,1
0,0,0,0.379310344827586,4.59085135066715,1,38,0,13,0,1,0,0,11,0,0,0.716981132075472,0,0,1,1,4,1,0,4,1
14,0,0,0.0,3.82453340688191,0,24,0,5,0,1,0,0,0,0,0,0.774193548387097,0,0,0,1,2,1,0,0,1
0,0,0,0.0,4.27137063437885,1,26,0,6,0,1,0,0,0,0,0,0.787878787878788,0,0,0,1,3,0,0,0,1
0,0,0,0.0,3.81437194317963,0,20,0,6,0,1,0,0,0,0,0,0.689655172413793,0,0,1,1,2,0,0,0,1
0,0,0,0.0526315789473684,4.12708019126661,1,29,1,9,0,1,0,0,2,0,0,0.591836734693878,0,0,1,1,3,1,0,1,1
0,0,0,0.109090909090909,4.59816561725223,1,65,0,13,0,1,0,0,6,0,0,0.878378378378378,0,0,1,1,5,0,0,4,1
0,0,0,0.0,4.29832059793139,1,17,0,13,0,1,0,0,0,0,0,0.26984126984127,0,0,1,1,3,0,0,1,1
0,0,0,0.0,3.93079175646319,1,34,0,9,0,1,0,0,0,0,0,0.80952380952381,0,0,1,1,6,1,0,0,1
0,0,0,0.0857142857142857,4.40651678246453,0,32,0,8,0,1,0,0,3,0,0,0.695652173913044,0,0,0,1,3,1,0,1,1
0,0,0,0.142857142857143,3.97791687469364,1,17,0,7,0,1,0,0,3,0,0,0.548387096774194,0,0,0,1,3,1,0,0,1
0,0,0,0.648648648648649,4.66154501624609,0,27,0,11,0,1,0,0,24,0,0,0.375,0,0,1,1,3,1,0,4,1
0,0,0,0.0,4.01218840396866,0,21,0,6,0,1,0,0,0,0,0,0.75,0,0,0,0,2,1,0,1,1
0,1,0,0.131147540983607,5.27372882900533,1,16,0,7,32,1,0,0,8,0,1,0.210526315789474,54,0,1,0,2,1,1,0,1
0,0,0,0.0,4.18788919491935,1,26,0,6,0,1,0,0,0,0,0,0.787878787878788,0,0,0,1,3,0,0,0,1
0,0,1,0.145833333333333,5.40239316917142,0,32,1,18,0,1,0,1,14,0,0,0.25,0,0,1,1,5,0,0,0,1
0,0,0,0.0,4.36066459148391,1,20,0,12,0,0,0,0,0,0,0,0.327868852459016,0,0,1,0,3,1,0,2,1
0,0,0,0.0779220779220779,4.61215185487982,1,83,0,8,0,1,0,0,6,0,0,0.912087912087912,0,0,1,0,4,1,0,1,1
0,0,0,0.0909090909090909,4.10694913275815,1,22,0,7,0,1,0,0,2,0,0,0.709677419354839,0,0,1,1,3,0,0,0,1
0,0,0,0.0,4.22592562222221,1,34,0,10,0,1,0,0,0,0,0,0.618181818181818,0,0,1,1,4,0,0,2,1
0,0,0,0.164179104477612,4.77360384737495,1,77,0,9,0,1,0,1,11,0,0,0.885057471264368,0,0,1,0,4,1,0,0,1
0,0,0,0.192307692307692,4.81761612277465,1,78,0,9,0,1,0,0,15,0,0,0.764705882352941,0,0,1,1,5,1,0,0,1
0,0,0,0.115384615384615,4.63714733504644,0,18,0,20,0,1,0,0,12,0,0,0.132352941176471,0,0,1,1,4,1,0,3,1
0,0,0,0.0,3.96473517872551,0,21,0,6,0,1,0,0,0,0,0,0.7,0,0,1,1,2,0,0,0,1
0,0,0,0.074074074074074,4.16846567111059,1,29,0,9,0,1,0,0,2,0,0,0.763157894736842,0,0,1,1,3,0,0,2,1
0,0,0,0.0,3.96032025539429,1,21,0,7,0,1,0,0,0,0,0,0.636363636363636,0,0,1,1,3,0,0,0,1
0,1,0,0.0476190476190476,4.31982252091998,1,26,0,9,0,0,0,0,2,0,0,0.490566037735849,0,0,1,0,4,1,0,0,1
0,0,0,0.0,4.33866328484205,1,32,0,9,0,1,0,0,0,0,0,0.780487804878049,0,0,1,0,3,1,0,2,1
0,0,0,0.0652173913043478,4.24458876268228,0,37,0,10,0,0,0,0,3,0,0,0.627118644067797,0,0,1,1,5,0,0,0,1
0,0,0,0.0,3.77259891822028,1,26,0,7,0,1,0,0,0,0,0,0.742857142857143,0,0,1,1,3,0,0,0,1
0,0,0,0.152777777777778,4.86039460725106,1,83,0,8,0,1,0,0,11,0,0,0.912087912087912,0,0,1,0,4,1,0,1,1
0,0,0,0.181818181818182,4.38396012808926,1,38,0,8,0,1,0,0,6,0,0,0.808510638297872,0,0,1,1,4,1,0,0,1
0,0,0,0.5,4.39278529348404,0,19,0,10,0,0,0,0,13,0,0,0.387755102040816,0,0,0,0,5,0,0,0,1
0,0,0,0.114285714285714,5.21899394254558,1,11,0,10,0,1,0,0,8,1,0,0.125,0,0,1,1,3,1,0,0,1
0,0,0,0.0,4.03230324274395,1,9,0,7,61,1,0,0,0,0,0,0.333333333333333,0,0,0,1,2,0,0,0,1
0,0,0,0.0384615384615384,3.98319563424773,0,25,0,6,0,1,0,0,1,0,0,0.757575757575758,0,0,0,0,2,1,0,0,1
0,0,0,0.117647058823529,4.43664134491358,1,39,0,10,0,1,0,0,4,0,0,0.8125,0,0,1,1,4,0,0,2,1
0,0,0,1.57142857142857,3.54346518960165,0,18,0,7,0,1,0,0,11,0,0,0.72,0,0,0,0,4,0,0,0,1
0,0,0,0.0,4.13569955274647,0,20,0,7,0,1,0,0,0,0,0,0.526315789473684,0,0,1,1,2,1,0,1,1
0,0,0,0.171428571428571,4.60430627259833,0,40,0,8,0,1,0,0,6,0,0,0.816326530612245,0,0,1,1,4,1,0,0,1
0,0,0,0.0,3.84313906222957,0,18,0,7,0,1,1,0,0,0,0,0.5625,0,0,0,0,2,0,0,1,1
0,0,2,0.359300476947536,5.8329269239107,0,15,1,40,0,1,0,1,226,0,0,0.0167597765363128,0,0,1,0,3,0,0,5,1
0,0,0,0.708333333333333,4.54799505257913,1,39,0,7,0,1,0,0,17,0,0,0.8125,0,0,1,1,3,0,0,0,1
0,0,0,0.0294117647058823,4.21988561561077,1,25,0,8,0,0,0,0,1,0,0,0.581395348837209,0,0,1,0,4,1,0,0,1
0,0,3,0.161538461538462,5.56105099865468,1,19,0,20,0,1,0,1,21,0,0,0.111111111111111,0,0,1,1,3,1,0,2,1
0,0,0,0.0,3.92921445519922,0,22,0,8,0,1,1,0,0,0,0,0.709677419354839,0,0,1,0,2,1,0,2,1
0,0,0,0.0,3.9928705166359,1,26,0,7,0,1,0,0,0,0,0,0.742857142857143,0,0,1,1,3,0,0,0,1
0,2,0,0.0,4.14453775226099,1,20,0,8,6,1,0,0,0,0,1,0.444444444444444,15,0,1,1,3,1,1,0,1
0,0,0,0.421052631578947,4.5865513503954,1,21,0,8,0,1,0,1,16,0,0,0.338709677419355,0,0,0,0,2,0,0,1,1
0,0,0,0.142857142857143,4.74007087191907,1,77,0,15,0,1,0,0,10,0,0,0.810526315789474,0,0,0,1,7,1,0,4,1
0,0,0,0.25,4.15563906222957,1,23,0,7,0,1,0,0,5,0,0,0.71875,0,0,1,1,3,1,0,0,1
0,0,0,0.103448275862069,4.15959272014025,1,33,0,10,0,1,0,0,3,0,0,0.785714285714286,0,0,1,1,3,0,0,3,1
0,0,0,0.0588235294117647,4.16721904569239,1,34,0,7,0,1,1,0,2,0,0,0.790697674418605,0,0,1,1,3,1,0,0,1
0,0,0,0.0,4.40102421126519,1,36,0,10,0,1,0,0,0,0,0,0.620689655172414,0,0,1,1,4,0,0,2,1
0,0,0,0.0,4.02092631600035,0,24,0,7,0,1,0,0,0,0,0,0.727272727272727,0,0,1,1,3,1,0,0,1
0,0,0,0.4,4.21812882070647,1,29,0,8,0,1,0,0,8,0,0,0.805555555555556,0,0,0,1,3,0,0,2,1
0,0,0,0.2,4.38575448497818,1,36,0,9,0,1,0,0,6,0,0,0.8,0,0,1,1,3,1,0,2,1
0,0,0,0.0,4.14161920818398,1,33,0,9,0,1,0,0,0,0,0,0.785714285714286,0,0,1,1,3,0,0,2,1
0,0,0,0.087378640776699,4.80074692069012,1,23,0,10,0,1,0,0,9,0,0,0.188524590163934,0,0,1,0,3,1,0,1,1
0,0,0,0.15,4.84917770070478,0,19,0,10,0,1,0,0,12,0,0,0.186274509803922,0,0,1,1,4,1,0,0,1
0,0,0,0.0,4.32172123104524,1,20,0,8,0,1,0,0,0,0,0,0.571428571428571,0,0,1,1,3,1,0,0,1
0,0,0,0.171052631578947,4.85481600304089,0,24,0,8,0,1,0,0,13,0,0,0.247422680412371,0,0,1,1,3,1,0,0,1
0,0,0,0.0,3.94834651383163,1,29,0,7,0,1,0,0,0,0,0,0.763157894736842,0,0,1,1,3,0,0,0,1
0,0,0,0.0,4.28034090564063,1,20,0,9,0,1,0,0,0,0,0,0.408163265306122,0,0,0,1,3,1,0,0,1
0,0,0,0.0,4.13451953772784,1,31,0,9,0,0,0,0,0,0,0,0.63265306122449,0,0,1,1,4,0,0,1,1
0,0,0,0.0,4.22417768118868,1,38,0,11,0,1,0,0,0,0,0,0.808510638297872,0,0,1,1,3,0,0,4,1
0,0,0,0.166666666666667,3.845711394624,0,30,0,10,0,1,0,0,4,0,0,0.789473684210526,0,0,0,0,6,0,0,0,1
0,0,0,0.0,4.02804048824242,1,37,0,8,0,1,0,0,0,0,0,0.804347826086957,0,0,1,1,3,0,0,1,1
0,0,0,0.0,3.83769964935426,0,28,0,6,0,1,0,0,0,0,0,0.756756756756757,0,0,1,1,2,1,0,0,1
0,0,0,0.128205128205128,4.98674106986697,1,23,0,9,0,1,0,0,10,0,0,0.237113402061856,0,0,1,0,2,1,0,1,1
0,0,0,0.0204081632653061,4.45518716499034,0,31,0,14,0,0,1,0,1,0,0,0.484375,0,0,1,1,5,1,0,2,1
0,0,0,0.0,4.17382283380928,0,21,0,10,0,1,0,0,0,1,0,0.403846153846154,0,0,1,1,4,1,0,0,1
0,0,0,0.585365853658537,4.83828153917942,0,30,0,14,0,1,0,1,24,0,0,0.379746835443038,0,0,1,1,3,1,0,4,1
0,0,0,0.0843373493975903,5.17898214468628,1,19,0,13,0,1,0,0,7,0,0,0.184466019417476,0,0,1,1,3,1,0,2,1
0,0,0,0.0,4.31478722793781,1,17,0,9,0,1,0,0,0,0,0,0.288135593220339,0,0,1,1,3,1,0,0,1
0,0,2,0.106382978723404,4.69351882460185,0,43,0,18,0,1,0,1,5,1,0,0.614285714285714,0,0,1,0,4,1,0,4,1
0,0,0,0.159420289855072,4.84753269590365,1,80,0,9,0,1,0,0,11,0,0,0.898876404494382,0,0,1,0,4,1,0,1,1
0,0,0,0.25,4.23399790783883,1,29,0,8,0,1,0,0,6,0,0,0.763157894736842,0,0,1,1,3,1,0,1,1
0,0,0,0.0,3.97909789113481,0,15,0,9,0,1,1,0,0,0,0,0.576923076923077,0,0,1,0,2,1,0,1,1
0,0,0,0.152777777777778,4.90279340450297,1,83,0,8,0,1,0,0,11,0,0,0.912087912087912,0,0,1,0,4,1,0,1,1
0,1,0,0.0,3.5013978254341,1,16,0,5,1,1,0,0,0,0,0,0.695652173913044,0,0,0,1,2,1,0,0,1
0,0,0,0.25,4.18136632889146,1,29,0,8,0,1,0,0,6,0,0,0.763157894736842,0,0,1,1,3,1,0,1,1
0,0,0,0.0,4.15041087254198,1,30,0,8,0,1,0,0,0,0,0,0.769230769230769,0,0,1,1,3,1,0,1,1
0,0,0,0.466666666666667,4.01218840396866,0,11,0,6,0,1,0,0,7,0,0,0.392857142857143,0,0,1,1,2,0,0,0,1
0,0,0,0.181818181818182,4.4000215643055,1,38,0,8,0,1,0,0,6,0,0,0.808510638297872,0,0,1,1,4,1,0,0,1
0,0,0,0.35,4.1162996057017,0,19,0,7,0,1,0,0,7,0,0,0.558823529411765,0,0,0,0,3,1,0,0,1
0,0,0,0.403508771929825,4.85330909786456,0,23,0,15,0,1,0,0,23,0,0,0.242105263157895,0,0,1,1,4,1,0,5,1
0,1,0,0.0,3.73814933319287,1,18,0,6,0,1,0,0,0,0,0,0.692307692307692,3,0,0,1,2,1,0,0,1
0,0,0,0.064516129032258,4.22269041893563,1,32,0,8,0,1,0,0,2,0,0,0.780487804878049,0,0,1,0,3,1,0,1,1
0,0,0,0.0625,4.09450820383019,1,38,0,8,0,1,0,0,3,0,0,0.644067796610169,0,0,1,0,4,1,0,0,1
0,0,0,0.0227272727272727,4.51889107766087,0,44,0,17,0,1,0,0,2,0,0,0.411214953271028,0,0,1,1,6,1,0,2,1
0,0,0,0.0303030303030303,4.24852932712858,0,33,0,8,0,1,0,0,1,0,0,0.785714285714286,0,0,1,0,3,0,0,1,1
0,0,0,0.0512820512820512,4.43396927415326,1,42,0,10,0,1,0,0,2,0,0,0.823529411764706,0,0,1,1,4,0,0,2,1
0,0,0,0.6,4.24643934467102,0,31,0,8,0,1,0,0,12,0,0,0.775,0,0,1,1,4,0,0,0,1
0,0,0,0.285714285714286,3.79621760259006,0,15,0,8,0,1,0,0,4,0,0,0.576923076923077,0,0,1,1,3,0,0,0,1
0,0,0,0.0,3.84438453223592,0,26,0,8,0,1,1,0,0,0,0,0.764705882352941,0,0,0,1,3,0,0,1,1
0,2,0,0.0,3.988144771642,1,20,0,9,6,1,0,0,0,0,1,0.434782608695652,15,0,1,1,3,1,1,0,1
0,0,0,0.149253731343284,4.9042969649253,1,11,0,7,0,1,0,0,10,0,0,0.130952380952381,0,0,1,1,2,1,0,0,1
0,1,0,0.0,3.66353275480426,1,13,0,6,204,1,1,0,0,0,0,0.590909090909091,76,0,1,1,2,1,0,0,1
0,0,0,0.0,4.0966912610489,1,41,0,7,0,1,0,0,0,0,0,0.82,0,0,1,1,3,1,0,0,1
0,0,0,0.114285714285714,4.45104555822431,1,40,0,10,0,1,0,0,4,0,0,0.816326530612245,0,0,1,1,4,0,0,2,1
0,0,0,0.2,4.77303118531786,0,19,0,8,0,1,0,0,14,0,0,0.206521739130435,0,0,1,1,3,1,0,0,1
0,0,0,0.1875,4.00799441649887,1,40,0,11,0,1,0,0,6,0,0,0.816326530612245,0,0,1,1,3,0,0,4,1
0,0,0,0.0,4.12126794693938,0,14,0,9,0,0,1,0,0,0,0,0.333333333333333,0,0,1,1,3,1,0,0,1
0,0,0,0.157894736842105,4.01218840396866,0,13,0,6,0,1,0,0,3,0,0,0.464285714285714,0,0,1,0,2,0,0,0,1
0,0,0,0.132352941176471,4.61692832817032,1,11,0,7,0,1,0,0,9,0,0,0.130952380952381,0,0,1,1,2,1,0,0,1
0,0,0,0.0,4.33825906519124,1,33,0,10,0,1,0,0,0,1,0,0.492537313432836,0,0,1,1,4,1,0,0,1
0,0,0,0.12,4.27368437626202,0,27,0,8,0,1,0,0,3,0,0,0.75,0,0,1,1,4,0,0,0,1
0,0,0,0.0857142857142857,4.02369851128112,0,37,0,8,0,1,0,0,3,0,0,0.804347826086957,0,0,1,1,4,0,0,0,1
0,0,0,0.261363636363636,5.35925341792055,0,19,0,14,0,1,0,0,23,0,0,0.152,0,0,1,1,3,1,0,5,1
0,0,0,0.0,4.00704882778696,0,23,0,8,0,1,0,0,0,0,0,0.71875,0,0,1,0,3,1,0,1,1
0,0,0,0.0,4.46957674631639,1,36,0,11,0,1,0,0,0,0,0,0.6,0,0,1,1,4,0,0,2,1
0,0,0,0.0547945205479452,4.72014393113392,1,34,4,18,0,1,0,0,4,1,0,0.357894736842105,0,0,1,1,7,0,0,2,1
0,0,0,0.073170731707317,4.850820189106,1,78,0,8,0,1,0,0,6,0,0,0.8125,0,0,1,1,4,1,0,0,1
0,0,0,0.0,3.96920728785801,0,20,0,7,0,1,0,0,0,0,0,0.689655172413793,0,0,1,1,3,0,0,0,1
0,0,0,0.0857142857142857,4.40651678246453,0,32,0,8,0,1,0,0,3,0,0,0.695652173913044,0,0,0,1,3,1,0,1,1
0,0,0,0.230769230769231,4.25951419952897,0,18,0,9,0,1,0,0,6,0,0,0.439024390243902,0,0,0,0,3,0,0,1,1
0,0,0,0.0,4.19643934467102,1,22,0,8,0,0,0,0,0,0,0,0.55,0,0,1,1,4,1,0,0,1
0,0,0,0.0,4.19824543467084,1,35,0,11,0,1,0,0,0,0,0,0.603448275862069,0,0,1,1,4,0,0,2,1
0,0,0,0.875,4.71733583713549,1,20,0,11,0,1,0,0,35,0,0,0.232558139534884,0,0,1,1,4,1,0,0,1
0,0,2,0.348837209302326,4.8801842253157,0,32,0,13,0,1,0,1,15,0,0,0.450704225352113,0,0,0,1,4,1,0,0,1
0,1,0,0.0,3.66353275480426,1,13,0,6,0,1,1,0,0,0,0,0.590909090909091,2,0,1,1,2,1,0,0,1
0,0,0,0.0,4.09313906222957,1,23,0,7,0,1,0,0,0,0,0,0.71875,0,0,1,1,3,1,0,0,1
0,0,0,0.714285714285714,4.59384474398375,0,51,0,11,0,1,0,0,20,0,0,0.864406779661017,0,0,1,1,4,0,0,4,1
0,0,0,0.123456790123457,4.85443563615707,0,27,0,9,0,1,0,0,10,0,0,0.27,0,0,1,1,4,0,0,0,1
0,1,0,0.0,3.81437194317963,1,22,0,6,1,1,0,0,0,0,1,0.758620689655172,0,0,0,1,3,0,0,0,1
0,0,0,0.183333333333333,5.87204778324829,1,31,0,21,0,1,0,0,44,0,0,0.101639344262295,0,0,1,0,6,1,0,3,1
0,0,0,0.0,4.25617463006964,1,41,0,9,0,1,0,0,0,0,0,0.82,0,0,1,1,3,0,0,2,1
0,0,0,0.205479452054795,4.88287822555181,1,23,0,8,0,1,0,0,15,0,0,0.239583333333333,0,0,1,0,2,1,0,1,1
0,0,0,0.0,4.2659791299831,1,41,0,9,0,1,0,0,0,0,0,0.82,0,0,1,1,3,0,0,2,1
0,0,0,0.159420289855072,4.89381301055983,1,80,0,8,0,1,0,0,11,0,0,0.909090909090909,0,0,1,0,4,1,0,1,1
0,0,0,0.0,4.31351454556269,0,45,0,18,0,0,0,0,0,0,0,0.378151260504202,0,0,1,1,4,1,0,5,1
0,0,0,0.103448275862069,4.1561983328101,1,26,0,8,0,1,0,0,3,0,0,0.65,0,0,1,1,3,1,0,1,1
0,0,1,0.24,5.60387750013674,1,8,0,17,0,1,0,1,18,0,0,0.0727272727272727,0,0,1,1,3,1,0,3,1
0,0,0,0.0681818181818181,4.31059123716457,1,22,0,11,0,1,0,0,3,0,0,0.379310344827586,0,0,1,1,4,1,0,1,1
0,0,0,0.416666666666667,3.44740150470592,0,14,0,5,0,1,0,0,5,0,0,0.636363636363636,0,0,1,0,2,0,0,0,1
0,0,0,0.0,4.12728313431329,0,26,0,6,0,1,0,0,0,0,0,0.787878787878788,0,0,0,1,3,0,0,0,1
0,0,0,0.0,4.20871284432784,1,40,0,10,0,1,0,0,0,0,0,0.816326530612245,0,0,1,1,6,1,0,0,1
0,0,0,0.0,3.92921445519922,1,22,0,6,0,1,0,0,0,0,0,0.709677419354839,0,0,1,1,2,1,0,0,1
0,0,0,0.024390243902439,4.63058110808056,1,68,0,18,0,0,0,0,2,1,0,0.666666666666667,0,0,1,1,7,0,0,5,1
0,0,0,0.148148148148148,4.34394270791827,0,32,0,9,0,1,1,0,4,0,0,0.8,0,0,0,0,5,0,0,0,1
0,1,0,0.0,4.0604166416618,1,30,0,6,0,1,1,0,0,0,0,0.769230769230769,14,0,1,1,2,1,0,0,1
0,0,0,0.0,4.2527152789797,1,27,0,8,0,1,0,0,0,0,0,0.75,0,0,1,1,3,1,0,1,1
0,0,0,0.16,4.17527329788597,0,29,0,8,0,1,1,0,4,0,0,0.783783783783784,0,0,0,0,4,0,0,0,1
0,0,0,0.0526315789473684,4.02698683335929,0,12,0,6,0,1,0,0,1,0,0,0.461538461538462,0,0,1,0,2,1,0,0,1
0,0,0,0.205128205128205,4.80540913750174,0,20,0,8,0,1,0,0,16,0,0,0.196078431372549,0,0,1,1,3,1,0,0,1
0,0,0,0.0857142857142857,4.40651678246453,0,32,0,8,0,1,0,0,3,0,0,0.695652173913044,0,0,0,1,3,1,0,1,1
0,0,0,0.0,3.77094242174854,0,19,0,6,0,1,0,0,0,0,0,0.678571428571429,0,0,1,1,2,1,0,0,1
0,0,0,0.0392156862745098,4.23069854093942,0,53,0,11,0,1,1,0,2,0,0,0.828125,0,0,0,0,4,0,0,2,1
0,0,0,0.0,4.17474917267867,0,47,0,8,0,1,0,0,0,0,0,0.839285714285714,0,0,1,1,4,0,0,0,1
0,0,0,0.0,3.91574569823106,0,27,0,8,0,0,0,0,0,0,0,0.642857142857143,0,0,1,1,4,1,0,0,1
0,0,0,0.104651162790698,4.79365495614146,0,19,0,10,0,1,0,0,9,0,0,0.180952380952381,0,0,1,1,4,1,0,0,1
0,0,0,0.0188679245283018,4.27993118277951,0,35,0,11,0,1,0,0,1,1,0,0.538461538461538,0,0,0,1,5,1,0,0,1
0,0,0,0.103448275862069,4.30425702638814,1,30,0,7,0,1,0,0,3,0,0,0.769230769230769,0,0,1,1,3,1,0,0,1
0,0,0,0.234042553191489,4.65055814351691,1,54,0,16,0,1,0,0,11,0,0,0.72972972972973,0,0,1,1,4,1,0,6,1
0,0,0,0.0465116279069767,4.4718465296608,0,30,0,9,0,0,0,0,2,0,0,0.555555555555556,0,0,1,1,4,1,0,0,1
0,0,0,0.0,3.85538854220753,0,15,0,6,0,1,0,0,0,0,0,0.625,0,0,1,1,2,0,0,0,1
0,0,0,0.0,4.08153237660641,0,24,0,9,0,1,0,0,0,0,0,0.727272727272727,0,0,1,0,3,0,0,2,1
0,0,0,0.0344827586206896,4.02347159204935,1,29,0,8,0,1,0,0,1,0,0,0.763157894736842,0,0,1,1,3,0,0,1,1
0,0,0,0.0,3.91825235182308,0,22,0,7,0,0,0,0,0,0,0,0.594594594594595,0,0,1,1,3,0,0,0,1
0,0,0,0.193548387096774,4.3736489479369,1,35,0,7,0,1,0,0,6,0,0,0.795454545454545,0,0,1,1,3,0,0,0,1
0,0,1,0.41304347826087,4.91044408592063,0,29,0,11,0,0,0,1,19,0,0,0.381578947368421,0,0,1,1,3,1,0,0,1
0,0,0,0.0,4.2188837914658,1,19,0,6,0,1,0,0,0,0,0,0.452380952380952,0,0,1,1,2,0,0,0,1
0,0,0,0.0,4.0441104177484,0,27,0,7,0,1,0,0,0,0,0,0.75,0,0,1,1,3,1,0,0,1
0,0,0,0.0833333333333333,4.24849525552541,1,24,0,7,0,1,0,0,2,0,0,0.727272727272727,0,0,1,1,3,1,0,0,1
0,0,0,0.0886075949367088,4.70163419345167,1,83,0,9,0,1,0,0,7,0,0,0.873684210526316,0,0,1,0,4,1,0,1,1
0,0,0,0.0,4.1061983328101,0,31,0,8,0,1,1,0,0,0,0,0.775,0,0,1,0,2,1,0,2,1
0,0,0,0.0857142857142857,4.40651678246453,0,32,0,8,0,1,0,0,3,0,0,0.695652173913044,0,0,0,1,3,1,0,1,1
0,0,0,0.0,3.92258957364167,1,24,0,8,0,1,0,0,0,0,0,0.727272727272727,0,0,1,1,3,1,0,1,1
0,0,0,0.0,3.44740150470592,0,15,0,5,0,1,0,0,0,0,0,0.681818181818182,0,0,0,1,2,1,0,0,1
0,0,0,0.181818181818182,4.38396012808926,1,38,0,8,0,1,0,0,6,0,0,0.808510638297872,0,0,1,1,4,1,0,0,1
0,0,0,0.423076923076923,4.34131004053374,1,29,0,8,0,1,0,0,11,0,0,0.644444444444445,0,0,1,1,3,0,0,1,1
0,0,0,0.0,4.13847844732783,0,82,0,7,0,0,0,0,0,0,0,0.911111111111111,0,0,1,1,4,0,0,0,1
0,0,0,0.0,3.93872187554087,1,9,0,6,0,1,0,0,0,0,0,0.375,0,0,1,1,2,1,0,0,1
